{"start": "19-15-09", "end": "19-17-08", "Vmax": 67.0, "Vm": 62.720555555555556, "Pi": 0.0, "Vmr": 62.720555555555556, "Aa": 0.2794326241134752, "Ad": -0.20639269406392688, "Vsd": 2.2425191888767753, "Amax": 0.46666666666666856, "Amin": -0.46666666666667567, "Pa": 0.39166666666666666, "Pd": 0.6083333333333333, "Pc": 0.0, "Dh": 67.06666666666683, "Dsoc": 1.0}