{"start": "20-57-09", "end": "20-59-08", "Vmax": 75.0, "Vm": 67.97666666666666, "Pi": 0.0, "Vmr": 67.97666666666666, "Aa": 0.4, "Ad": -0.5933333333333334, "Vsd": 5.0659895611249235, "Amax": 0.6666666666666714, "Amin": -0.8666666666666742, "Pa": 0.5, "Pd": 0.375, "Pc": 0.125, "Dh": -68.01250000000005, "Dsoc": 2.0}