{"start": "10-02-24", "end": "10-04-23", "Vmax": 78.0, "Vm": 62.87222222222222, "Pi": 0.0, "Vmr": 62.87222222222222, "Aa": 0.6148148148148148, "Ad": -0.8333333333333334, "Vsd": 9.235277564655759, "Amax": 1.066666666666677, "Amin": -1.4000000000000057, "Pa": 0.375, "Pd": 0.5, "Pc": 0.125, "Dh": -258.60000000000036, "Dsoc": 1.0}