{"start": "09-56-24", "end": "09-58-23", "Vmax": 77.0, "Vm": 63.81166666666666, "Pi": 0.0, "Vmr": 63.81166666666666, "Aa": 0.8681481481481482, "Ad": -0.7833333333333333, "Vsd": 8.338782140198852, "Amax": 1.4666666666666686, "Amin": -1.2000000000000028, "Pa": 0.375, "Pd": 0.5, "Pc": 0.125, "Dh": 220.5333333333333, "Dsoc": 1.7333333333333343}