{"start": "19-34-37", "end": "19-36-36", "Vmax": 68.0, "Vm": 52.15472222222222, "Pi": 0.0, "Vmr": 52.15472222222222, "Aa": 0.4833333333333333, "Ad": -0.8486111111111111, "Vsd": 6.704799879598128, "Amax": 0.9333333333333371, "Amin": -0.9375, "Pa": 0.6, "Pd": 0.4, "Pc": 0.0, "Dh": 277.6666666666665, "Dsoc": 2.0}