{"start": "10-23-01", "end": "10-25-00", "Vmax": 75.0, "Vm": 57.0, "Pi": 0.0, "Vmr": 57.0, "Aa": 0.7166666666666667, "Ad": -0.8000000000000002, "Vsd": 13.440132496790316, "Amax": 1.6666666666666714, "Amin": -1.7333333333333343, "Pa": 0.5, "Pd": 0.5, "Pc": 0.0, "Dh": 251.26666666666688, "Dsoc": 1.0}