{"start": "09-42-24", "end": "09-44-23", "Vmax": 69.0, "Vm": 57.62166666666667, "Pi": 0.0, "Vmr": 57.62166666666667, "Aa": 0.35526315789473684, "Ad": -0.8137931034482759, "Vsd": 6.292318023307675, "Amax": 0.625, "Amin": -1.0, "Pa": 0.6333333333333333, "Pd": 0.24166666666666667, "Pc": 0.125, "Dh": 118.26666666666665, "Dsoc": 2.0}