{"start": "19-17-09", "end": "19-19-08", "Vmax": 67.73333333333333, "Vm": 60.95499999999999, "Pi": 0.0, "Vmr": 60.95499999999999, "Aa": 0.38914728682170546, "Ad": -0.14408602150537642, "Vsd": 5.045230804916984, "Amax": 0.5333333333333456, "Amin": -0.46666666666666856, "Pa": 0.35833333333333334, "Pd": 0.5166666666666667, "Pc": 0.125, "Dh": 129.0, "Dsoc": 1.0}