{"start": "10-00-24", "end": "10-02-23", "Vmax": 81.0, "Vm": 66.55277777777778, "Pi": 0.0, "Vmr": 66.55277777777778, "Aa": 0.5714285714285714, "Ad": -0.7133333333333334, "Vsd": 5.917246917273906, "Amax": 0.8000000000000114, "Amin": -1.7333333333333485, "Pa": 0.5833333333333334, "Pd": 0.4166666666666667, "Pc": 0.0, "Dh": -296.39999999999964, "Dsoc": 1.0}