{"start": "20-47-58", "end": "20-49-57", "Vmax": 66.0, "Vm": 58.158333333333324, "Pi": 0.0, "Vmr": 58.158333333333324, "Aa": 0.43333333333333335, "Ad": -0.28, "Vsd": 3.232180192303364, "Amax": 0.5333333333333385, "Amin": -0.5333333333333385, "Pa": 0.25, "Pd": 0.625, "Pc": 0.125, "Dh": 26.333333333333258, "Dsoc": 1.0}