{"start": "10-17-01", "end": "10-19-00", "Vmax": 66.0, "Vm": 54.29166666666667, "Pi": 0.0, "Vmr": 54.29166666666667, "Aa": 0.6333333333333332, "Ad": -0.55, "Vsd": 5.444973439877468, "Amax": 1.6666666666666714, "Amin": -1.0, "Pa": 0.5, "Pd": 0.5, "Pc": 0.0, "Dh": 234.19999999999982, "Dsoc": 1.0}