{"start": "20-59-09", "end": "21-01-08", "Vmax": 73.0, "Vm": 63.21833333333334, "Pi": 0.0, "Vmr": 63.21833333333334, "Aa": 0.45, "Ad": -0.5716666666666667, "Vsd": 7.94779165283431, "Amax": 1.0, "Amin": -1.4666666666666757, "Pa": 0.5, "Pd": 0.5, "Pc": 0.0, "Dh": -109.10000000000002, "Dsoc": 1.3999999999999986}