{"start": "11-19-01", "end": "11-21-00", "Vmax": 85.0, "Vm": 66.51222222222222, "Pi": 0.0, "Vmr": 66.51222222222222, "Aa": 0.3063063063063063, "Ad": -1.7826086956521745, "Vsd": 23.048245965345252, "Amax": 1.4000000000000004, "Amin": -3.200000000000003, "Pa": 0.6166666666666667, "Pd": 0.38333333333333336, "Pc": 0.0, "Dh": -172.33333333333326, "Dsoc": 1.5333333333333314}