{"start": "20-29-09", "end": "20-31-08", "Vmax": 0.0, "Vm": 0.0, "Pi": 1.0, "Vmr": 0, "Aa": 0, "Ad": 0, "Vsd": 0.0, "Amax": 0.0, "Amin": 0.0, "Pa": 0.0, "Pd": 0.0, "Pc": 1.0, "Dh": -44.200000000000045, "Dsoc": 0.46666666666666856}