{"start": "20-13-09", "end": "20-15-08", "Vmax": 56.8, "Vm": 43.504166666666656, "Pi": 0.008333333333333333, "Vmr": 43.869747899159655, "Aa": 0.46666666666666673, "Ad": -0.7901234567901234, "Vsd": 17.442590239077624, "Amax": 0.46666666666666856, "Amin": -2.3333333333333357, "Pa": 0.2, "Pd": 0.675, "Pc": 0.125, "Dh": 23.600000000000364, "Dsoc": 3.3999999999999986}