{"start": "20-49-58", "end": "20-51-57", "Vmax": 61.0, "Vm": 53.96666666666667, "Pi": 0.0, "Vmr": 53.96666666666667, "Aa": 0.3243445692883895, "Ad": -0.6817204301075269, "Vsd": 3.653426566517718, "Amax": 0.6000000000000014, "Amin": -0.7333333333333343, "Pa": 0.7416666666666667, "Pd": 0.25833333333333336, "Pc": 0.0, "Dh": -82.86666666666656, "Dsoc": 2.0}