{"start": "09-30-24", "end": "09-32-23", "Vmax": 74.0, "Vm": 65.63166666666666, "Pi": 0.0, "Vmr": 65.63166666666666, "Aa": 0.2033333333333334, "Ad": -0.4166666666666667, "Vsd": 4.367103598214153, "Amax": 0.4000000000000057, "Amin": -0.5333333333333385, "Pa": 0.5, "Pd": 0.5, "Pc": 0.0, "Dh": 337.73333333333335, "Dsoc": 1.13333333333334}