{"start": "10-56-24", "end": "10-58-23", "Vmax": 76.4, "Vm": 62.35833333333335, "Pi": 0.0, "Vmr": 62.35833333333335, "Aa": 0.38333333333333336, "Ad": -0.9333333333333333, "Vsd": 5.07231781633196, "Amax": 0.7333333333333343, "Amin": -1.6000000000000085, "Pa": 0.5, "Pd": 0.375, "Pc": 0.125, "Dh": 508.1999999999998, "Dsoc": 0.93333333333333}