{"start": "20-20-37", "end": "20-22-36", "Vmax": 63.0, "Vm": 43.76670938201924, "Pi": 0.0, "Vmr": 43.76670938201924, "Aa": 0.061855670103092564, "Ad": -0.35195530726256985, "Vsd": 12.158393341503478, "Amax": 0.061855670103092564, "Amin": -0.3519553072625712, "Pa": 0.05, "Pd": 0.95, "Pc": 0.0, "Dh": -163.55929274894902, "Dsoc": 1.8590681333870833}