{"start": "09-25-01", "end": "09-27-00", "Vmax": 70.0, "Vm": 41.2, "Pi": 0.008333333333333333, "Vmr": 41.54621848739496, "Aa": 1.0384180790960453, "Ad": -1.3519125683060105, "Vsd": 26.623108683367292, "Amax": 2.7333333333333343, "Amin": -4.0, "Pa": 0.49166666666666664, "Pd": 0.5083333333333333, "Pc": 0.0, "Dh": 52.26666666666665, "Dsoc": 1.9333333333333371}