{"start": "09-31-01", "end": "09-33-00", "Vmax": 67.0, "Vm": 63.48833333333334, "Pi": 0.0, "Vmr": 63.48833333333334, "Aa": 0.11489361702127672, "Ad": -0.3095890410958904, "Vsd": 3.7219731371429114, "Amax": 0.20000000000000284, "Amin": -1.2000000000000028, "Pa": 0.39166666666666666, "Pd": 0.6083333333333333, "Pc": 0.0, "Dh": 244.0, "Dsoc": 1.86666666666666}