{"start": "19-47-09", "end": "19-49-08", "Vmax": 32.599999999999994, "Vm": 12.643333333333333, "Pi": 0.475, "Vmr": 24.08253968253968, "Aa": 0.4666666666666667, "Ad": -1.415686274509804, "Vsd": 13.092333591822053, "Amax": 0.7333333333333343, "Amin": -2.0, "Pa": 0.25, "Pd": 0.2833333333333333, "Pc": 0.4666666666666667, "Dh": -20.33333333333303, "Dsoc": 2.0}