{"start": "19-19-09", "end": "19-21-08", "Vmax": 76.0, "Vm": 67.14888888888889, "Pi": 0.0, "Vmr": 67.14888888888889, "Aa": 0.4770833333333333, "Ad": -0.2833333333333333, "Vsd": 4.462000433441946, "Amax": 0.5333333333333456, "Amin": -0.4000000000000057, "Pa": 0.26666666666666666, "Pd": 0.5, "Pc": 0.23333333333333334, "Dh": 325.39999999999986, "Dsoc": 1.0}