{"start": "10-45-01", "end": "10-47-00", "Vmax": 16.0, "Vm": 4.101666666666666, "Pi": 0.5083333333333333, "Vmr": 8.342372881355931, "Aa": 0.5477477477477476, "Ad": -0.9275362318840579, "Vsd": 5.022005450896374, "Amax": 0.6666666666666679, "Amin": -1.0666666666666682, "Pa": 0.30833333333333335, "Pd": 0.19166666666666668, "Pc": 0.5, "Dh": 8.666666666666742, "Dsoc": 1.5333333333333314}