{"start": "21-05-09", "end": "21-07-08", "Vmax": 41.86666666666667, "Vm": 21.304999999999996, "Pi": 0.0, "Vmr": 21.304999999999996, "Aa": 0.5, "Ad": -0.7400000000000005, "Vsd": 8.647924844048426, "Amax": 0.6666666666666679, "Amin": -1.1333333333333364, "Pa": 0.5, "Pd": 0.5, "Pc": 0.0, "Dh": -555.5333333333333, "Dsoc": 2.93333333333333}