{"start": "09-29-01", "end": "09-31-00", "Vmax": 71.0, "Vm": 63.135, "Pi": 0.0, "Vmr": 63.135, "Aa": 0.389655172413793, "Ad": -0.3225806451612903, "Vsd": 5.4399323229985885, "Amax": 0.7333333333333343, "Amin": -1.0, "Pa": 0.48333333333333334, "Pd": 0.5166666666666667, "Pc": 0.0, "Dh": 160.66666666666674, "Dsoc": 1.0}