{"start": "11-45-01", "end": "11-47-00", "Vmax": 7.199999999999999, "Vm": 0.21, "Pi": 0.95, "Vmr": 4.2, "Aa": 1.2, "Ad": 0, "Vsd": 1.0279620043333029, "Amax": 1.2000000000000002, "Amin": 0.0, "Pa": 0.05, "Pd": 0.0, "Pc": 0.95, "Dh": 9.199999999999932, "Dsoc": 3.3999999999999986}