{"start": "09-23-01", "end": "09-25-00", "Vmax": 80.0, "Vm": 68.98333333333333, "Pi": 0.0, "Vmr": 68.98333333333333, "Aa": 0.5640350877192982, "Ad": -0.853030303030303, "Vsd": 7.974123650441493, "Amax": 1.2000000000000028, "Amin": -1.2000000000000028, "Pa": 0.6333333333333333, "Pd": 0.36666666666666664, "Pc": 0.0, "Dh": 85.06666666666672, "Dsoc": 1.0}