{"start": "10-28-24", "end": "10-30-23", "Vmax": 66.0, "Vm": 49.264166666666675, "Pi": 0.0, "Vmr": 49.264166666666675, "Aa": 0.7864734299516908, "Ad": -1.0588235294117647, "Vsd": 15.151507399285007, "Amax": 1.6000000000000085, "Amin": -2.3333333333333357, "Pa": 0.575, "Pd": 0.425, "Pc": 0.0, "Dh": -36.5333333333333, "Dsoc": 2.0}