{"start": "11-15-01", "end": "11-17-00", "Vmax": 71.0, "Vm": 64.56333333333332, "Pi": 0.0, "Vmr": 64.56333333333332, "Aa": 0.26666666666666666, "Ad": -0.3266666666666667, "Vsd": 3.3474306938655842, "Amax": 0.6000000000000085, "Amin": -0.9333333333333371, "Pa": 0.5, "Pd": 0.5, "Pc": 0.0, "Dh": -360.8000000000002, "Dsoc": 4.0}