{"start": "20-57-58", "end": "20-59-57", "Vmax": 69.0, "Vm": 62.36055555555556, "Pi": 0.0, "Vmr": 62.36055555555556, "Aa": 0.29111111111111104, "Ad": -0.5333333333333333, "Vsd": 4.560591111402451, "Amax": 1.7999999999999972, "Amin": -0.5333333333333456, "Pa": 0.5, "Pd": 0.375, "Pc": 0.125, "Dh": 2.3333333333333712, "Dsoc": 1.0}