{"start": "11-05-01", "end": "11-07-00", "Vmax": 83.0, "Vm": 66.62041666666667, "Pi": 0.0, "Vmr": 66.62041666666667, "Aa": 1.0818181818181818, "Ad": -0.7289156626506024, "Vsd": 16.828838090955557, "Amax": 1.4000000000000021, "Amin": -2.266666666666673, "Pa": 0.18333333333333332, "Pd": 0.6916666666666667, "Pc": 0.125, "Dh": 346.3041666666668, "Dsoc": 0.46666666666666856}