{"start": "20-12-37", "end": "20-14-36", "Vmax": 58.0, "Vm": 47.083333333333336, "Pi": 0.0, "Vmr": 47.083333333333336, "Aa": 0.6133333333333333, "Ad": -0.6444444444444445, "Vsd": 9.840525784348026, "Amax": 1.7333333333333343, "Amin": -1.06666666666667, "Pa": 0.625, "Pd": 0.375, "Pc": 0.0, "Dh": -101.26666666666688, "Dsoc": 1.0}