{"start": "09-50-24", "end": "09-52-23", "Vmax": 76.0, "Vm": 60.95666666666667, "Pi": 0.0, "Vmr": 60.95666666666667, "Aa": 0.6017777777777777, "Ad": -1.2, "Vsd": 6.46435114049356, "Amax": 1.2000000000000028, "Amin": -1.5333333333333456, "Pa": 0.625, "Pd": 0.25, "Pc": 0.125, "Dh": 157.0666666666666, "Dsoc": 1.0}