{"start": "21-05-58", "end": "21-07-57", "Vmax": 35.0, "Vm": 17.025, "Pi": 0.0, "Vmr": 17.025, "Aa": 0.4933333333333336, "Ad": -0.9777777777777781, "Vsd": 10.908751701217, "Amax": 1.1333333333333364, "Amin": -1.8000000000000007, "Pa": 0.625, "Pd": 0.375, "Pc": 0.0, "Dh": 83.39999999999998, "Dsoc": 2.06666666666667}