{"start": "10-01-01", "end": "10-03-00", "Vmax": 72.2, "Vm": 66.26, "Pi": 0.0, "Vmr": 66.26, "Aa": 0.5154471544715447, "Ad": -0.5145833333333334, "Vsd": 6.627371023666988, "Amax": 1.4666666666666686, "Amin": -1.6000000000000085, "Pa": 0.3416666666666667, "Pd": 0.5333333333333333, "Pc": 0.125, "Dh": -232.86666666666633, "Dsoc": 1.0}