{"start": "10-04-24", "end": "10-06-23", "Vmax": 85.0, "Vm": 69.43055555555557, "Pi": 0.0, "Vmr": 69.43055555555557, "Aa": 0.7022222222222223, "Ad": -1.0222222222222221, "Vsd": 10.78135090019407, "Amax": 1.066666666666677, "Amin": -1.8000000000000114, "Pa": 0.625, "Pd": 0.375, "Pc": 0.0, "Dh": -209.0666666666666, "Dsoc": 1.0}