{"start": "20-08-37", "end": "20-10-36", "Vmax": 62.0, "Vm": 56.421666666666674, "Pi": 0.0, "Vmr": 56.421666666666674, "Aa": 0.1111111111111111, "Ad": -0.3390070921985815, "Vsd": 3.412419372779908, "Amax": 0.13333333333333997, "Amin": -1.4666666666666686, "Pa": 0.375, "Pd": 0.39166666666666666, "Pc": 0.23333333333333334, "Dh": 118.66666666666697, "Dsoc": 1.2000000000000028}