{"start": "19-50-37", "end": "19-52-36", "Vmax": 71.0, "Vm": 64.27333333333333, "Pi": 0.0, "Vmr": 64.27333333333333, "Aa": 0.7333333333333334, "Ad": -0.6296296296296297, "Vsd": 6.1151330708597875, "Amax": 1.2000000000000028, "Amin": -1.6666666666666714, "Pa": 0.275, "Pd": 0.6, "Pc": 0.125, "Dh": -317.7999999999997, "Dsoc": 1.0}