{"start": "09-58-24", "end": "10-00-23", "Vmax": 68.0, "Vm": 44.80388888888889, "Pi": 0.0, "Vmr": 44.80388888888889, "Aa": 1.6897959183673463, "Ad": -1.0046948356807508, "Vsd": 15.965435315251433, "Amax": 2.200000000000003, "Amin": -2.125, "Pa": 0.4083333333333333, "Pd": 0.5916666666666667, "Pc": 0.0, "Dh": -11.333333333333485, "Dsoc": 1.2000000000000028}