{"start": "09-57-01", "end": "09-59-00", "Vmax": 71.0, "Vm": 53.798333333333325, "Pi": 0.0, "Vmr": 53.798333333333325, "Aa": 0.32000000000000006, "Ad": -1.0166666666666666, "Vsd": 16.63558662316778, "Amax": 0.46666666666666856, "Amin": -1.5333333333333385, "Pa": 0.5, "Pd": 0.5, "Pc": 0.0, "Dh": 236.60000000000036, "Dsoc": 2.0}