{"start": "20-23-09", "end": "20-25-08", "Vmax": 67.0, "Vm": 55.349999999999994, "Pi": 0.0, "Vmr": 55.349999999999994, "Aa": 0.7686274509803922, "Ad": -0.5420289855072463, "Vsd": 5.6704798506559095, "Amax": 1.06666666666667, "Amin": -1.2000000000000028, "Pa": 0.425, "Pd": 0.575, "Pc": 0.0, "Dh": -160.9333333333334, "Dsoc": 2.0}