{"start": "20-51-09", "end": "20-53-08", "Vmax": 69.0, "Vm": 55.10833333333333, "Pi": 0.0, "Vmr": 55.10833333333333, "Aa": 0.4474226804123712, "Ad": -1.3652173913043477, "Vsd": 6.914924184008689, "Amax": 0.8666666666666742, "Amin": -1.6666666666666714, "Pa": 0.8083333333333333, "Pd": 0.19166666666666668, "Pc": 0.0, "Dh": -159.4666666666667, "Dsoc": 2.0}