{"start": "11-20-24", "end": "11-22-23", "Vmax": 58.0, "Vm": 35.86666666666667, "Pi": 0.0, "Vmr": 35.86666666666667, "Aa": 0.6933333333333334, "Ad": -0.8103703703703704, "Vsd": 15.022274156121036, "Amax": 1.3333333333333357, "Amin": -1.7333333333333343, "Pa": 0.625, "Pd": 0.375, "Pc": 0.0, "Dh": -147.66666666666674, "Dsoc": 3.93333333333333}