{"start": "20-17-09", "end": "20-19-08", "Vmax": 51.6, "Vm": 11.391666666666664, "Pi": 0.6333333333333333, "Vmr": 31.068181818181813, "Aa": 1.323076923076923, "Ad": -0.5333333333333333, "Vsd": 18.40038476945158, "Amax": 2.3333333333333357, "Amin": -0.5333333333333341, "Pa": 0.325, "Pd": 0.05, "Pc": 0.625, "Dh": -43.933333333333394, "Dsoc": 0.3333333333333357}