{"start": "20-02-37", "end": "20-04-36", "Vmax": 64.0, "Vm": 53.716666666666676, "Pi": 0.0, "Vmr": 53.716666666666676, "Aa": 1.0, "Ad": -0.6757990867579909, "Vsd": 10.444629694207114, "Amax": 2.13333333333334, "Amin": -1.13333333333334, "Pa": 0.375, "Pd": 0.6083333333333333, "Pc": 0.016666666666666666, "Dh": 93.73333333333335, "Dsoc": 1.0}