{"start": "11-30-24", "end": "11-32-23", "Vmax": 71.0, "Vm": 60.76987654320988, "Pi": 0.0, "Vmr": 60.76987654320988, "Aa": 0.6, "Ad": -0.27024691358024694, "Vsd": 7.515209229872311, "Amax": 0.8666666666666742, "Amin": -0.5333333333333314, "Pa": 0.5, "Pd": 0.5, "Pc": 0.0, "Dh": -191.14074074074074, "Dsoc": 1.1407407407407462}