{"start": "10-03-01", "end": "10-05-00", "Vmax": 77.4, "Vm": 59.59666666666667, "Pi": 0.0, "Vmr": 59.59666666666667, "Aa": 0.7635555555555557, "Ad": -1.3666666666666667, "Vsd": 13.248384430161176, "Amax": 1.4666666666666686, "Amin": -1.7333333333333343, "Pa": 0.625, "Pd": 0.25, "Pc": 0.125, "Dh": -250.33333333333348, "Dsoc": 1.0}