{"start": "09-48-24", "end": "09-50-23", "Vmax": 71.0, "Vm": 56.895, "Pi": 0.0, "Vmr": 56.895, "Aa": 0.45866666666666667, "Ad": -0.8, "Vsd": 5.298130759285171, "Amax": 1.3333333333333428, "Amin": -1.4000000000000057, "Pa": 0.625, "Pd": 0.375, "Pc": 0.0, "Dh": 78.26666666666642, "Dsoc": 1.2000000000000028}