{"start": "11-31-01", "end": "11-33-00", "Vmax": 82.0, "Vm": 70.00666666666667, "Pi": 0.0, "Vmr": 70.00666666666667, "Aa": 0.5573333333333333, "Ad": -0.3333333333333333, "Vsd": 7.816468047383099, "Amax": 1.4000000000000057, "Amin": -0.4000000000000057, "Pa": 0.625, "Pd": 0.375, "Pc": 0.0, "Dh": -366.39999999999986, "Dsoc": 2.0}