{"start": "09-26-24", "end": "09-28-23", "Vmax": 72.2, "Vm": 47.213055555555556, "Pi": 0.0, "Vmr": 47.213055555555556, "Aa": 0.989041095890411, "Ad": -0.29791666666666644, "Vsd": 23.94588728562898, "Amax": 2.3333333333333357, "Amin": -3.2666666666666657, "Pa": 0.6083333333333333, "Pd": 0.26666666666666666, "Pc": 0.125, "Dh": 49.60000000000002, "Dsoc": 2.0}