{"start": "11-43-01", "end": "11-45-00", "Vmax": 19.169642857142858, "Vm": 9.105580357142857, "Pi": 0.058333333333333334, "Vmr": 9.669642857142858, "Aa": 0, "Ad": -0.16964285714285712, "Vsd": 5.852855732003854, "Amax": 0.0, "Amin": -0.1696428571428612, "Pa": 0.0, "Pd": 0.95, "Pc": 0.05, "Dh": 20.942857142857065, "Dsoc": 1.5133928571428577}