{"start": "19-22-37", "end": "19-24-36", "Vmax": 66.0, "Vm": 59.238888888888894, "Pi": 0.0, "Vmr": 59.238888888888894, "Aa": 0.36, "Ad": -0.874074074074074, "Vsd": 5.8131155571300805, "Amax": 0.8000000000000043, "Amin": -1.6000000000000014, "Pa": 0.625, "Pd": 0.375, "Pc": 0.0, "Dh": -120.79999999999995, "Dsoc": 2.0}