{"start": "19-23-09", "end": "19-25-08", "Vmax": 64.0, "Vm": 55.28277777777778, "Pi": 0.0, "Vmr": 55.28277777777778, "Aa": 0.5807407407407408, "Ad": -0.6666666666666666, "Vsd": 8.043397676813193, "Amax": 1.0, "Amin": -1.6000000000000085, "Pa": 0.375, "Pd": 0.375, "Pc": 0.25, "Dh": -79.4666666666667, "Dsoc": 1.86666666666666}