{"start": "09-38-24", "end": "09-40-23", "Vmax": 66.2, "Vm": 45.86333333333334, "Pi": 0.0, "Vmr": 45.86333333333334, "Aa": 0.7379310344827587, "Ad": -1.448484848484849, "Vsd": 10.68839820595913, "Amax": 2.0, "Amin": -1.9333333333333371, "Pa": 0.725, "Pd": 0.275, "Pc": 0.0, "Dh": 106.19999999999982, "Dsoc": 0.20000000000000284}