{"start": "10-10-24", "end": "10-12-23", "Vmax": 82.0, "Vm": 67.61944444444444, "Pi": 0.0, "Vmr": 67.61944444444444, "Aa": 0.64, "Ad": -0.9481481481481483, "Vsd": 7.1349399789316195, "Amax": 1.4000000000000057, "Amin": -1.7333333333333485, "Pa": 0.625, "Pd": 0.375, "Pc": 0.0, "Dh": -297.73333333333335, "Dsoc": 0.2666666666666657}