{"start": "19-39-09", "end": "19-41-08", "Vmax": 69.8, "Vm": 60.641666666666666, "Pi": 0.0, "Vmr": 60.641666666666666, "Aa": 0.3425287356321839, "Ad": -0.7666666666666665, "Vsd": 5.640914048082321, "Amax": 0.6666666666666714, "Amin": -0.8000000000000043, "Pa": 0.725, "Pd": 0.15, "Pc": 0.125, "Dh": 163.4000000000001, "Dsoc": 1.0}