{"start": "10-32-24", "end": "10-34-23", "Vmax": 73.0, "Vm": 63.80833333333331, "Pi": 0.0, "Vmr": 63.80833333333331, "Aa": 0.4895522388059701, "Ad": -0.9522012578616352, "Vsd": 7.388468884393364, "Amax": 0.8666666666666742, "Amin": -1.9333333333333371, "Pa": 0.5583333333333333, "Pd": 0.44166666666666665, "Pc": 0.0, "Dh": -251.66666666666652, "Dsoc": 1.0}