{"start": "10-07-01", "end": "10-09-00", "Vmax": 72.0, "Vm": 64.24499999999999, "Pi": 0.0, "Vmr": 64.24499999999999, "Aa": 0.38333333333333336, "Ad": -0.48000000000000004, "Vsd": 5.3932846337820655, "Amax": 0.6666666666666714, "Amin": -1.06666666666667, "Pa": 0.5, "Pd": 0.375, "Pc": 0.125, "Dh": -275.6666666666665, "Dsoc": 1.7333333333333343}