{"start": "11-16-24", "end": "11-18-23", "Vmax": 76.0, "Vm": 67.625, "Pi": 0.0, "Vmr": 67.625, "Aa": 0.6067796610169491, "Ad": -0.6153005464480874, "Vsd": 6.247100167613905, "Amax": 1.2000000000000028, "Amin": -1.066666666666677, "Pa": 0.49166666666666664, "Pd": 0.5083333333333333, "Pc": 0.0, "Dh": -300.4666666666667, "Dsoc": 2.93333333333333}