{"start": "09-45-01", "end": "09-47-00", "Vmax": 70.0, "Vm": 62.325, "Pi": 0.0, "Vmr": 62.325, "Aa": 0.5047619047619047, "Ad": -0.5052631578947367, "Vsd": 4.165812237324031, "Amax": 0.8000000000000043, "Amin": -0.9333333333333371, "Pa": 0.525, "Pd": 0.475, "Pc": 0.0, "Dh": 148.86666666666656, "Dsoc": 1.0}