{"start": "10-16-24", "end": "10-18-23", "Vmax": 57.0, "Vm": 49.916666666666664, "Pi": 0.0, "Vmr": 49.916666666666664, "Aa": 0.45507246376811594, "Ad": -0.4431372549019608, "Vsd": 5.13286585233596, "Amax": 1.13333333333334, "Amin": -0.6666666666666714, "Pa": 0.575, "Pd": 0.425, "Pc": 0.0, "Dh": 186.26666666666665, "Dsoc": 1.0}