{"start": "09-52-24", "end": "09-54-23", "Vmax": 74.0, "Vm": 57.80166666666667, "Pi": 0.0, "Vmr": 57.80166666666667, "Aa": 0.6922222222222222, "Ad": -0.6833333333333333, "Vsd": 10.951404286011343, "Amax": 1.2000000000000028, "Amin": -1.4666666666666686, "Pa": 0.5, "Pd": 0.5, "Pc": 0.0, "Dh": 242.39999999999964, "Dsoc": 1.0}