{"start": "20-04-37", "end": "20-06-36", "Vmax": 62.0, "Vm": 57.53666666666667, "Pi": 0.0, "Vmr": 57.53666666666667, "Aa": 0.23333333333333334, "Ad": -0.26382978723404255, "Vsd": 2.563798098708835, "Amax": 0.3333333333333357, "Amin": -0.46666666666666856, "Pa": 0.5, "Pd": 0.39166666666666666, "Pc": 0.10833333333333334, "Dh": 173.66666666666674, "Dsoc": 0.13333333333333286}