{"start": "10-44-24", "end": "10-46-23", "Vmax": 66.26666666666667, "Vm": 9.390555555555556, "Pi": 0.6416666666666667, "Vmr": 26.2062015503876, "Aa": 0, "Ad": -1.5484848484848477, "Vsd": 18.44595668656931, "Amax": 0.0, "Amin": -2.4666666666666686, "Pa": 0.0, "Pd": 0.36666666666666664, "Pc": 0.6333333333333333, "Dh": -39.73333333333335, "Dsoc": 3.0}