{"start": "20-03-09", "end": "20-05-08", "Vmax": 65.0, "Vm": 50.958333333333336, "Pi": 0.0, "Vmr": 50.958333333333336, "Aa": 0.8666666666666667, "Ad": -0.9866666666666668, "Vsd": 10.392912411094747, "Amax": 1.9333333333333371, "Amin": -2.7333333333333343, "Pa": 0.375, "Pd": 0.625, "Pc": 0.0, "Dh": -164.1333333333332, "Dsoc": 1.0}