{"start": "09-39-01", "end": "09-41-00", "Vmax": 76.0, "Vm": 54.571666666666665, "Pi": 0.0, "Vmr": 54.571666666666665, "Aa": 0.7083333333333333, "Ad": -0.8291666666666666, "Vsd": 14.658588716378153, "Amax": 1.2666666666666728, "Amin": -2.2666666666666657, "Pa": 0.7333333333333333, "Pd": 0.26666666666666666, "Pc": 0.0, "Dh": 108.59999999999991, "Dsoc": 0.13333333333333997}