{"start": "19-30-37", "end": "19-32-36", "Vmax": 67.0, "Vm": 57.82055555555556, "Pi": 0.0, "Vmr": 57.82055555555556, "Aa": 0.4844444444444446, "Ad": -0.48333333333333334, "Vsd": 6.577174097579157, "Amax": 1.0, "Amin": -0.6666666666666714, "Pa": 0.5, "Pd": 0.5, "Pc": 0.0, "Dh": 129.9333333333334, "Dsoc": 1.13333333333334}