{"start": "19-53-09", "end": "19-55-08", "Vmax": 72.4, "Vm": 55.10833333333335, "Pi": 0.0, "Vmr": 55.10833333333335, "Aa": 0.7238095238095238, "Ad": -1.25578231292517, "Vsd": 11.148648660119251, "Amax": 1.3333333333333357, "Amin": -1.8000000000000114, "Pa": 0.4666666666666667, "Pd": 0.4083333333333333, "Pc": 0.125, "Dh": -214.4666666666667, "Dsoc": 1.0}