{"start": "09-59-01", "end": "10-01-00", "Vmax": 81.0, "Vm": 56.78416666666666, "Pi": 0.0, "Vmr": 56.78416666666666, "Aa": 0.6702127659574468, "Ad": -0.5025641025641024, "Vsd": 20.827354279276804, "Amax": 1.8666666666666742, "Amin": -0.7333333333333343, "Pa": 0.7833333333333333, "Pd": 0.21666666666666667, "Pc": 0.0, "Dh": -266.2666666666664, "Dsoc": 1.0}