{"start": "19-29-09", "end": "19-31-08", "Vmax": 67.0, "Vm": 62.49, "Pi": 0.0, "Vmr": 62.49, "Aa": 0.28888888888888886, "Ad": -0.3573333333333333, "Vsd": 3.5440264176921312, "Amax": 0.4000000000000057, "Amin": -0.7333333333333343, "Pa": 0.375, "Pd": 0.625, "Pc": 0.0, "Dh": 127.0666666666666, "Dsoc": 0.7999999999999972}