{"start": "09-28-24", "end": "09-30-23", "Vmax": 75.0, "Vm": 67.23833333333332, "Pi": 0.0, "Vmr": 67.23833333333332, "Aa": 0.38999999999999985, "Ad": -0.36666666666666664, "Vsd": 7.011159105844745, "Amax": 1.0, "Amin": -0.5333333333333456, "Pa": 0.5, "Pd": 0.5, "Pc": 0.0, "Dh": 167.19999999999993, "Dsoc": 0.7999999999999972}