{"start": "20-45-09", "end": "20-47-08", "Vmax": 68.0, "Vm": 60.624444444444435, "Pi": 0.0, "Vmr": 60.624444444444435, "Aa": 0.40897435897435896, "Ad": -0.33137254901960783, "Vsd": 3.9460974429893874, "Amax": 0.8666666666666742, "Amin": -0.6000000000000014, "Pa": 0.43333333333333335, "Pd": 0.5666666666666667, "Pc": 0.0, "Dh": -109.66666666666674, "Dsoc": 0.5333333333333314}