{"start": "10-08-24", "end": "10-10-23", "Vmax": 79.0, "Vm": 63.19722222222222, "Pi": 0.0, "Vmr": 63.19722222222222, "Aa": 1.0, "Ad": -0.6555555555555556, "Vsd": 8.496332578774084, "Amax": 1.6666666666666714, "Amin": -1.2000000000000028, "Pa": 0.375, "Pd": 0.5, "Pc": 0.125, "Dh": -382.7333333333331, "Dsoc": 0.9333333333333371}