{"start": "11-23-01", "end": "11-25-00", "Vmax": 61.0, "Vm": 54.004999999999995, "Pi": 0.0, "Vmr": 54.004999999999995, "Aa": 0.4833333333333334, "Ad": -0.23958333333333334, "Vsd": 3.7993479464149074, "Amax": 0.7333333333333343, "Amin": -0.8000000000000043, "Pa": 0.2, "Pd": 0.8, "Pc": 0.0, "Dh": -119.86666666666656, "Dsoc": 1.0}