{"start": "19-57-09", "end": "19-59-08", "Vmax": 67.0, "Vm": 54.86805555555555, "Pi": 0.0, "Vmr": 54.86805555555555, "Aa": 0.5435897435897437, "Ad": -0.7515151515151516, "Vsd": 8.101863260851866, "Amax": 1.5333333333333385, "Amin": -1.2000000000000028, "Pa": 0.5416666666666666, "Pd": 0.4583333333333333, "Pc": 0.0, "Dh": -29.800000000000182, "Dsoc": 0.6666666666666643}