{"start": "11-03-01", "end": "11-05-00", "Vmax": 76.0, "Vm": 69.07208333333332, "Pi": 0.0, "Vmr": 69.07208333333332, "Aa": 0.6000000000000001, "Ad": -0.7452830188679245, "Vsd": 5.582391549610728, "Amax": 1.0, "Amin": -1.3333333333333428, "Pa": 0.5583333333333333, "Pd": 0.44166666666666665, "Pc": 0.0, "Dh": 246.5, "Dsoc": 2.0}