{"start": "10-31-01", "end": "10-33-00", "Vmax": 71.33333333333333, "Vm": 64.31666666666666, "Pi": 0.0, "Vmr": 64.31666666666666, "Aa": 0.3999999999999999, "Ad": -0.40303030303030296, "Vsd": 3.3501118339123965, "Amax": 0.6666666666666714, "Amin": -0.6666666666666714, "Pa": 0.45, "Pd": 0.55, "Pc": 0.0, "Dh": -211.80000000000018, "Dsoc": 2.0}