{"start": "10-54-24", "end": "10-56-23", "Vmax": 78.0, "Vm": 60.72305555555555, "Pi": 0.0, "Vmr": 60.72305555555555, "Aa": 1.3111111111111111, "Ad": -0.7564444444444445, "Vsd": 11.192914911969067, "Amax": 1.7333333333333343, "Amin": -1.9333333333333371, "Pa": 0.375, "Pd": 0.625, "Pc": 0.0, "Dh": 177.86666666666656, "Dsoc": 0.8666666666666671}