{"start": "11-06-24", "end": "11-08-23", "Vmax": 84.0, "Vm": 57.74166666666668, "Pi": 0.0, "Vmr": 57.74166666666668, "Aa": 0.6111111111111112, "Ad": -0.9, "Vsd": 17.13996114271722, "Amax": 1.6000000000000085, "Amin": -1.7333333333333343, "Pa": 0.75, "Pd": 0.25, "Pc": 0.0, "Dh": -186.0, "Dsoc": 2.93333333333333}