{"start": "11-29-01", "end": "11-31-00", "Vmax": 68.0, "Vm": 55.49666666666666, "Pi": 0.0, "Vmr": 55.49666666666666, "Aa": 0.46, "Ad": -0.5333333333333333, "Vsd": 5.6565297369322876, "Amax": 1.4000000000000057, "Amin": -0.8000000000000114, "Pa": 0.5, "Pd": 0.5, "Pc": 0.0, "Dh": 170.1333333333332, "Dsoc": 1.0}