{"start": "21-03-09", "end": "21-05-08", "Vmax": 63.0, "Vm": 51.63, "Pi": 0.0, "Vmr": 51.63, "Aa": 0.5217391304347826, "Ad": -0.988235294117647, "Vsd": 12.105465117635333, "Amax": 1.3333333333333357, "Amin": -2.8000000000000043, "Pa": 0.575, "Pd": 0.425, "Pc": 0.0, "Dh": 5.666666666666629, "Dsoc": 0.93333333333333}