{"start": "20-59-58", "end": "21-01-57", "Vmax": 87.0, "Vm": 55.825, "Pi": 0.0, "Vmr": 55.825, "Aa": 0.4800000000000001, "Ad": -1.3777777777777778, "Vsd": 22.819101966681913, "Amax": 1.2000000000000028, "Amin": -2.13333333333334, "Pa": 0.625, "Pd": 0.375, "Pc": 0.0, "Dh": -84.73333333333335, "Dsoc": 2.866666666666667}