{"start": "19-43-09", "end": "19-45-08", "Vmax": 69.0, "Vm": 59.12333333333334, "Pi": 0.0, "Vmr": 59.12333333333334, "Aa": 0.5023474178403755, "Ad": -0.7901960784313725, "Vsd": 5.924250436183941, "Amax": 1.13333333333334, "Amin": -1.4666666666666686, "Pa": 0.5916666666666667, "Pd": 0.2833333333333333, "Pc": 0.125, "Dh": 184.4000000000001, "Dsoc": 1.0}