{"start": "19-54-37", "end": "19-56-36", "Vmax": 74.0, "Vm": 49.63833333333334, "Pi": 0.0, "Vmr": 49.63833333333334, "Aa": 0.1299728193723746, "Ad": -0.8040816326530613, "Vsd": 14.32291646458966, "Amax": 0.4000000000000057, "Amin": -1.6666666666666714, "Pa": 0.5916666666666667, "Pd": 0.4083333333333333, "Pc": 0.0, "Dh": -218.84912280701747, "Dsoc": 1.4210526315789451}