{"start": "20-51-58", "end": "20-53-57", "Vmax": 80.8, "Vm": 72.975, "Pi": 0.0, "Vmr": 72.975, "Aa": 0.31037037037037035, "Ad": -0.23333333333333334, "Vsd": 4.583240386121459, "Amax": 0.6666666666666714, "Amin": -0.26666666666667993, "Pa": 0.75, "Pd": 0.25, "Pc": 0.0, "Dh": -348.9333333333334, "Dsoc": 1.0}