{"start": "10-30-24", "end": "10-32-23", "Vmax": 68.0, "Vm": 64.235, "Pi": 0.0, "Vmr": 64.235, "Aa": 0.24888888888888897, "Ad": -0.43333333333333335, "Vsd": 3.1618165717848723, "Amax": 0.5333333333333385, "Amin": -0.6666666666666714, "Pa": 0.5, "Pd": 0.25, "Pc": 0.25, "Dh": -196.73333333333358, "Dsoc": 2.0}