{"start": "19-36-37", "end": "19-38-36", "Vmax": 63.0, "Vm": 53.42999999999999, "Pi": 0.0, "Vmr": 53.42999999999999, "Aa": 0.49866666666666676, "Ad": -0.6444444444444445, "Vsd": 3.998074700051206, "Amax": 0.8666666666666742, "Amin": -1.0, "Pa": 0.625, "Pd": 0.375, "Pc": 0.0, "Dh": 85.39999999999964, "Dsoc": 1.0}