{"start": "11-32-24", "end": "11-34-23", "Vmax": 68.77513227513228, "Vm": 64.21031746031746, "Pi": 0.0, "Vmr": 64.21031746031746, "Aa": 0, "Ad": -0.07671957671957669, "Vsd": 2.668694639136806, "Amax": -0.07671957671956875, "Amin": -0.07671957671958296, "Pa": 0.0, "Pd": 1.0, "Pc": 0.0, "Dh": -158.9814814814813, "Dsoc": 0.31481481481481666}