{"start": "20-55-58", "end": "20-57-57", "Vmax": 71.0, "Vm": 60.06916666666667, "Pi": 0.0, "Vmr": 60.06916666666667, "Aa": 0.6082191780821918, "Ad": -0.8539007092198582, "Vsd": 8.121280560714855, "Amax": 1.8000000000000043, "Amin": -1.4000000000000057, "Pa": 0.6083333333333333, "Pd": 0.39166666666666666, "Pc": 0.0, "Dh": -98.73333333333335, "Dsoc": 1.0}