{"start": "11-00-24", "end": "11-02-23", "Vmax": 87.0, "Vm": 67.43333333333334, "Pi": 0.0, "Vmr": 67.43333333333334, "Aa": 0.5111111111111111, "Ad": -0.8666666666666667, "Vsd": 13.428859483967697, "Amax": 0.6666666666666714, "Amin": -1.7333333333333343, "Pa": 0.375, "Pd": 0.375, "Pc": 0.25, "Dh": 187.9333333333334, "Dsoc": 2.0}