{"start": "20-15-09", "end": "20-17-08", "Vmax": 51.0, "Vm": 12.258333333333335, "Pi": 0.25833333333333336, "Vmr": 16.52808988764045, "Aa": 1.074509803921568, "Ad": -1.4307692307692292, "Vsd": 14.431114746586005, "Amax": 1.9333333333333371, "Amin": -2.6000000000000014, "Pa": 0.425, "Pd": 0.325, "Pc": 0.25, "Dh": 83.86666666666633, "Dsoc": 2.2666666666666657}