{"start": "20-00-37", "end": "20-02-36", "Vmax": 64.0, "Vm": 57.8016290726817, "Pi": 0.0, "Vmr": 57.8016290726817, "Aa": 0.08421477422369485, "Ad": -0.33333333333333215, "Vsd": 2.469212843051439, "Amax": 0.2666666666666728, "Amin": -0.3333333333333357, "Pa": 0.9833333333333333, "Pd": 0.016666666666666666, "Pc": 0.0, "Dh": -202.30375939849614, "Dsoc": 0.7669172932330852}