{"start": "09-46-24", "end": "09-48-23", "Vmax": 72.0, "Vm": 58.975, "Pi": 0.0, "Vmr": 58.975, "Aa": 0.6555555555555554, "Ad": -0.9777777777777777, "Vsd": 7.170481363748307, "Amax": 1.5333333333333314, "Amin": -1.6666666666666714, "Pa": 0.5, "Pd": 0.375, "Pc": 0.125, "Dh": 303.0, "Dsoc": 1.7333333333333343}