{"start": "19-35-09", "end": "19-37-08", "Vmax": 59.0, "Vm": 49.83, "Pi": 0.0, "Vmr": 49.83, "Aa": 0.7777777777777778, "Ad": -0.5546666666666666, "Vsd": 4.80456404553008, "Amax": 1.06666666666667, "Amin": -1.4666666666666686, "Pa": 0.375, "Pd": 0.625, "Pc": 0.0, "Dh": 400.8666666666668, "Dsoc": 1.0}