{"start": "11-02-24", "end": "11-04-23", "Vmax": 69.0, "Vm": 63.166666666666664, "Pi": 0.0, "Vmr": 63.166666666666664, "Aa": 0.6166666666666667, "Ad": -0.9, "Vsd": 4.861556735610255, "Amax": 1.4000000000000057, "Amin": -1.3333333333333428, "Pa": 0.5, "Pd": 0.25, "Pc": 0.25, "Dh": 260.5999999999999, "Dsoc": 2.0}