{"start": "10-39-01", "end": "10-41-00", "Vmax": 68.0, "Vm": 55.00833333333333, "Pi": 0.0, "Vmr": 55.00833333333333, "Aa": 0.38933333333333336, "Ad": -0.5777777777777777, "Vsd": 8.732101876100801, "Amax": 1.7333333333333343, "Amin": -0.9333333333333371, "Pa": 0.625, "Pd": 0.375, "Pc": 0.0, "Dh": -404.5333333333333, "Dsoc": 1.3333333333333357}