{"start": "10-25-01", "end": "10-27-00", "Vmax": 71.0, "Vm": 62.341666666666676, "Pi": 0.0, "Vmr": 62.341666666666676, "Aa": 0.6266666666666666, "Ad": -0.4904761904761905, "Vsd": 6.1650898885039265, "Amax": 1.3333333333333357, "Amin": -1.0, "Pa": 0.4166666666666667, "Pd": 0.5833333333333334, "Pc": 0.0, "Dh": 189.4666666666667, "Dsoc": 1.0}