{"start": "11-08-24", "end": "11-10-23", "Vmax": 82.93333333333334, "Vm": 69.39999999999999, "Pi": 0.0, "Vmr": 69.39999999999999, "Aa": 0.6304347826086957, "Ad": -0.7576576576576576, "Vsd": 5.847084631917897, "Amax": 0.875, "Amin": -1.066666666666677, "Pa": 0.38333333333333336, "Pd": 0.6166666666666667, "Pc": 0.0, "Dh": -304.0666666666666, "Dsoc": 0.93333333333333}