{"start": "20-06-37", "end": "20-08-36", "Vmax": 70.0, "Vm": 58.42166666666667, "Pi": 0.0, "Vmr": 58.42166666666667, "Aa": 0.6444444444444445, "Ad": -0.5103448275862069, "Vsd": 6.239192186572692, "Amax": 0.8666666666666742, "Amin": -1.2000000000000028, "Pa": 0.375, "Pd": 0.48333333333333334, "Pc": 0.14166666666666666, "Dh": 337.9333333333334, "Dsoc": 1.6666666666666643}