{"start": "11-01-01", "end": "11-03-00", "Vmax": 84.0, "Vm": 64.69666666666667, "Pi": 0.0, "Vmr": 64.69666666666667, "Aa": 0.5617777777777777, "Ad": -1.3666666666666667, "Vsd": 13.526609940062155, "Amax": 1.0, "Amin": -2.066666666666677, "Pa": 0.625, "Pd": 0.25, "Pc": 0.125, "Dh": 172.33333333333348, "Dsoc": 1.0}