{"start": "11-10-24", "end": "11-12-23", "Vmax": 87.4, "Vm": 62.61666666666667, "Pi": 0.0, "Vmr": 62.61666666666667, "Aa": 1.1084745762711865, "Ad": -0.5726775956284154, "Vsd": 12.015742086522271, "Amax": 1.4000000000000057, "Amin": -0.9333333333333371, "Pa": 0.49166666666666664, "Pd": 0.5083333333333333, "Pc": 0.0, "Dh": -197.26666666666688, "Dsoc": 1.06666666666667}