{"start": "11-09-01", "end": "11-11-00", "Vmax": 81.0, "Vm": 70.92222222222222, "Pi": 0.0, "Vmr": 70.92222222222222, "Aa": 0.5949685534591195, "Ad": -0.7261261261261259, "Vsd": 5.9045209432476335, "Amax": 0.8666666666666742, "Amin": -0.8666666666666742, "Pa": 0.44166666666666665, "Pd": 0.30833333333333335, "Pc": 0.25, "Dh": -308.0666666666666, "Dsoc": 0.46666666666666856}