{"start": "11-04-24", "end": "11-06-23", "Vmax": 82.0, "Vm": 70.575, "Pi": 0.0, "Vmr": 70.575, "Aa": 0.6333333333333333, "Ad": -0.34444444444444444, "Vsd": 6.001176744238824, "Amax": 0.6666666666666714, "Amin": -0.6666666666666714, "Pa": 0.25, "Pd": 0.75, "Pc": 0.0, "Dh": 268.1333333333332, "Dsoc": 1.0}