{"start": "09-33-01", "end": "09-35-00", "Vmax": 65.0, "Vm": 50.13166666666667, "Pi": 0.0, "Vmr": 50.13166666666667, "Aa": 0.5833333333333334, "Ad": -0.61, "Vsd": 5.906381125686643, "Amax": 0.8666666666666742, "Amin": -1.2000000000000028, "Pa": 0.5, "Pd": 0.5, "Pc": 0.0, "Dh": 101.19999999999982, "Dsoc": 1.0666666666666629}