{"start": "11-35-01", "end": "11-37-00", "Vmax": 83.0, "Vm": 65.50916666666666, "Pi": 0.05, "Vmr": 68.95701754385965, "Aa": 0.3074074074074073, "Ad": -1.3606557377049178, "Vsd": 25.31215137971592, "Amax": 0.7333333333333343, "Amin": -2.6666666666666714, "Pa": 0.45, "Pd": 0.5083333333333333, "Pc": 0.041666666666666664, "Dh": -5.199999999999932, "Dsoc": 0.3333333333333357}