{"start": "09-55-01", "end": "09-57-00", "Vmax": 64.8, "Vm": 59.90166666666667, "Pi": 0.0, "Vmr": 59.90166666666667, "Aa": 0.26399999999999996, "Ad": -0.24444444444444444, "Vsd": 3.019970411860918, "Amax": 0.6666666666666714, "Amin": -0.4000000000000057, "Pa": 0.625, "Pd": 0.375, "Pc": 0.0, "Dh": 240.13333333333367, "Dsoc": 1.0}