{"start": "10-13-01", "end": "10-15-00", "Vmax": 77.0, "Vm": 49.821111111111115, "Pi": 0.0, "Vmr": 49.821111111111115, "Aa": 0.75, "Ad": -1.003030303030303, "Vsd": 20.17441811504695, "Amax": 1.4000000000000057, "Amin": -2.866666666666667, "Pa": 0.6333333333333333, "Pd": 0.36666666666666664, "Pc": 0.0, "Dh": 109.93333333333317, "Dsoc": 1.0}