{"start": "19-13-09", "end": "19-15-08", "Vmax": 66.0, "Vm": 61.083888888888886, "Pi": 0.0, "Vmr": 61.083888888888886, "Aa": 0.3252873563218391, "Ad": -0.21875, "Vsd": 5.244245404838404, "Amax": 0.5333333333333385, "Amin": -1.0, "Pa": 0.48333333333333334, "Pd": 0.26666666666666666, "Pc": 0.25, "Dh": 50.60000000000002, "Dsoc": 1.0}