{"start": "19-27-09", "end": "19-29-08", "Vmax": 69.0, "Vm": 48.29760416666667, "Pi": 0.0, "Vmr": 48.29760416666667, "Aa": 0.7733333333333333, "Ad": -1.149166666666667, "Vsd": 15.822333923188237, "Amax": 1.5333333333333385, "Amin": -2.933333333333337, "Pa": 0.625, "Pd": 0.375, "Pc": 0.0, "Dh": 92.52500000000009, "Dsoc": 1.0}