{"start": "11-39-01", "end": "11-41-00", "Vmax": 78.0, "Vm": 68.19166666666666, "Pi": 0.0, "Vmr": 68.19166666666666, "Aa": 0.606060606060606, "Ad": -0.7538461538461538, "Vsd": 8.11067957999203, "Amax": 1.4000000000000057, "Amin": -1.4000000000000057, "Pa": 0.4583333333333333, "Pd": 0.5416666666666666, "Pc": 0.0, "Dh": -103.0, "Dsoc": 0.3333333333333357}