{"start": "11-50-24", "end": "11-52-23", "Vmax": 0.6722222222222223, "Vm": 0.34166666666666673, "Pi": 0.0, "Vmr": 0.34166666666666673, "Aa": 0.005555555555555555, "Ad": 0, "Vsd": 0.19325030145473426, "Amax": 0.005555555555555647, "Amin": 0.005555555555555536, "Pa": 1.0, "Pd": 0.0, "Pc": 0.0, "Dh": -67.43333333333328, "Dsoc": 1.3222222222222229}