{"start": "10-29-01", "end": "10-31-00", "Vmax": 74.0, "Vm": 52.58333333333335, "Pi": 0.0, "Vmr": 52.58333333333335, "Aa": 0.6666666666666666, "Ad": -1.1933333333333336, "Vsd": 16.971511803170454, "Amax": 1.8000000000000043, "Amin": -1.8000000000000043, "Pa": 0.75, "Pd": 0.25, "Pc": 0.0, "Dh": -276.6666666666665, "Dsoc": 2.0}