{"start": "10-22-24", "end": "10-24-23", "Vmax": 75.0, "Vm": 59.74166666666668, "Pi": 0.0, "Vmr": 59.74166666666668, "Aa": 0.5565217391304348, "Ad": -1.003921568627451, "Vsd": 14.679651910226466, "Amax": 0.9333333333333371, "Amin": -1.9333333333333371, "Pa": 0.575, "Pd": 0.425, "Pc": 0.0, "Dh": 148.73333333333358, "Dsoc": 1.5999999999999943}