{"start": "19-26-37", "end": "19-28-36", "Vmax": 71.0, "Vm": 46.458333333333336, "Pi": 0.0, "Vmr": 46.458333333333336, "Aa": 0.9166666666666666, "Ad": -1.288888888888889, "Vsd": 16.97012602794378, "Amax": 1.8666666666666742, "Amin": -2.3333333333333357, "Pa": 0.5, "Pd": 0.375, "Pc": 0.125, "Dh": 85.73333333333335, "Dsoc": 1.0}