{"start": "10-58-24", "end": "11-00-23", "Vmax": 78.0, "Vm": 66.75, "Pi": 0.0, "Vmr": 66.75, "Aa": 0.4, "Ad": -0.5, "Vsd": 5.561245452269858, "Amax": 0.8000000000000114, "Amin": -0.9333333333333371, "Pa": 0.625, "Pd": 0.25, "Pc": 0.125, "Dh": 12.866666666666788, "Dsoc": 1.93333333333333}