{"start": "10-37-01", "end": "10-39-00", "Vmax": 77.0, "Vm": 49.56666666666667, "Pi": 0.0, "Vmr": 49.56666666666667, "Aa": 0.6, "Ad": -0.9686274509803922, "Vsd": 14.904714473573414, "Amax": 0.9333333333333371, "Amin": -1.6000000000000085, "Pa": 0.575, "Pd": 0.425, "Pc": 0.0, "Dh": 3.333333333333485, "Dsoc": 0.6000000000000014}