{"start": "09-47-01", "end": "09-49-00", "Vmax": 63.13333333333333, "Vm": 56.87166666666666, "Pi": 0.0, "Vmr": 56.87166666666666, "Aa": 0.6, "Ad": -0.29555555555555557, "Vsd": 3.256769578263257, "Amax": 0.9333333333333371, "Amin": -1.13333333333334, "Pa": 0.25, "Pd": 0.75, "Pc": 0.0, "Dh": 421.9333333333334, "Dsoc": 1.0}