{"start": "09-40-24", "end": "09-42-23", "Vmax": 85.0, "Vm": 70.72166666666666, "Pi": 0.0, "Vmr": 70.72166666666666, "Aa": 0.47301587301587295, "Ad": -0.7263157894736841, "Vsd": 8.54170485063543, "Amax": 0.9333333333333371, "Amin": -1.0, "Pa": 0.525, "Pd": 0.475, "Pc": 0.0, "Dh": 107.33333333333348, "Dsoc": 0.86666666666666}