{"start": "09-49-01", "end": "09-51-00", "Vmax": 72.0, "Vm": 57.266666666666666, "Pi": 0.0, "Vmr": 57.266666666666666, "Aa": 0.712280701754386, "Ad": -0.6285714285714286, "Vsd": 6.054437145625247, "Amax": 1.2000000000000028, "Amin": -1.4666666666666686, "Pa": 0.475, "Pd": 0.525, "Pc": 0.0, "Dh": 29.59999999999991, "Dsoc": 1.0}