{"start": "11-28-24", "end": "11-30-23", "Vmax": 65.0, "Vm": 58.69500000000001, "Pi": 0.0, "Vmr": 58.69500000000001, "Aa": 0.2581560283687943, "Ad": -0.4643678160919541, "Vsd": 3.3160072117228494, "Amax": 0.3333333333333357, "Amin": -0.6000000000000085, "Pa": 0.39166666666666666, "Pd": 0.48333333333333334, "Pc": 0.125, "Dh": 184.26666666666665, "Dsoc": 0.8666666666666671}