{"start": "11-37-01", "end": "11-39-00", "Vmax": 78.0, "Vm": 47.275, "Pi": 0.08333333333333333, "Vmr": 51.57272727272727, "Aa": 0.9833333333333334, "Ad": -0.36666666666666664, "Vsd": 29.3440285601379, "Amax": 2.6000000000000014, "Amin": -0.6666666666666714, "Pa": 0.6666666666666666, "Pd": 0.25, "Pc": 0.08333333333333333, "Dh": -65.26666666666665, "Dsoc": 1.6000000000000014}