{"start": "10-06-24", "end": "10-08-23", "Vmax": 80.0, "Vm": 58.358333333333334, "Pi": 0.0, "Vmr": 58.358333333333334, "Aa": 0.641025641025641, "Ad": -0.6484848484848484, "Vsd": 7.83618012517887, "Amax": 1.4000000000000057, "Amin": -1.6666666666666714, "Pa": 0.5416666666666666, "Pd": 0.4583333333333333, "Pc": 0.0, "Dh": -53.399999999999636, "Dsoc": 0.6666666666666714}