{"start": "10-14-24", "end": "10-16-23", "Vmax": 74.0, "Vm": 60.85833333333335, "Pi": 0.0, "Vmr": 60.85833333333335, "Aa": 0.11372549019607837, "Ad": -0.637037037037037, "Vsd": 9.466029735546387, "Amax": 0.20000000000000284, "Amin": -1.06666666666667, "Pa": 0.425, "Pd": 0.45, "Pc": 0.125, "Dh": 230.06666666666683, "Dsoc": 2.0}