{"start": "19-40-37", "end": "19-42-36", "Vmax": 72.0, "Vm": 60.88166666666667, "Pi": 0.0, "Vmr": 60.88166666666667, "Aa": 0.6366666666666667, "Ad": -0.55, "Vsd": 8.613447729725713, "Amax": 1.13333333333334, "Amin": -1.3333333333333357, "Pa": 0.5, "Pd": 0.5, "Pc": 0.0, "Dh": 218.0, "Dsoc": 0.13333333333333997}