{"start": "09-32-24", "end": "09-34-23", "Vmax": 66.0, "Vm": 51.55166666666667, "Pi": 0.0, "Vmr": 51.55166666666667, "Aa": 0.33000000000000007, "Ad": -0.48333333333333334, "Vsd": 7.856171903337522, "Amax": 0.8000000000000043, "Amin": -1.06666666666667, "Pa": 0.5, "Pd": 0.5, "Pc": 0.0, "Dh": 134.0, "Dsoc": 1.0}