{"start": "19-21-09", "end": "19-23-08", "Vmax": 66.0, "Vm": 56.950555555555546, "Pi": 0.0, "Vmr": 56.950555555555546, "Aa": 0.2908045977011494, "Ad": -0.38333333333333336, "Vsd": 3.0770557894121278, "Amax": 0.5333333333333385, "Amin": -0.9333333333333371, "Pa": 0.48333333333333334, "Pd": 0.5, "Pc": 0.016666666666666666, "Dh": 132.9333333333334, "Dsoc": 2.0}