{"start": "09-34-24", "end": "09-36-23", "Vmax": 70.0, "Vm": 52.24333333333334, "Pi": 0.0, "Vmr": 52.24333333333334, "Aa": 0.9299999999999999, "Ad": -0.8166666666666667, "Vsd": 8.188879754519963, "Amax": 1.8000000000000043, "Amin": -1.2000000000000028, "Pa": 0.5, "Pd": 0.5, "Pc": 0.0, "Dh": -167.79999999999995, "Dsoc": 1.0}