{"start": "11-07-01", "end": "11-09-00", "Vmax": 82.0, "Vm": 64.81388888888888, "Pi": 0.0, "Vmr": 64.81388888888888, "Aa": 0.7518518518518519, "Ad": -1.0, "Vsd": 12.396484233473718, "Amax": 1.6000000000000085, "Amin": -1.2666666666666728, "Pa": 0.75, "Pd": 0.25, "Pc": 0.0, "Dh": -276.1999999999998, "Dsoc": 3.933333333333337}