{"start": "09-20-24", "end": "09-22-23", "Vmax": 81.2, "Vm": 32.318888888888885, "Pi": 0.008333333333333333, "Vmr": 32.59047619047618, "Aa": 0.8888888888888888, "Ad": -1.260444444444444, "Vsd": 23.076353891645486, "Amax": 1.4000000000000057, "Amin": -2.4000000000000057, "Pa": 0.375, "Pd": 0.625, "Pc": 0.0, "Dh": -22.0, "Dsoc": 1.0}