{"start": "10-15-01", "end": "10-17-00", "Vmax": 66.0, "Vm": 52.836111111111116, "Pi": 0.0, "Vmr": 52.836111111111116, "Aa": 0.46666666666666673, "Ad": -0.43589743589743596, "Vsd": 7.9005957573390555, "Amax": 1.6666666666666714, "Amin": -0.9333333333333371, "Pa": 0.4583333333333333, "Pd": 0.5416666666666666, "Pc": 0.0, "Dh": 176.06666666666683, "Dsoc": 1.0}