{"start": "11-41-01", "end": "11-43-00", "Vmax": 50.6, "Vm": 29.894419642857144, "Pi": 0.0, "Vmr": 29.894419642857144, "Aa": 0, "Ad": -0.2721726190476191, "Vsd": 6.870553556438404, "Amax": -0.1696428571428541, "Amin": -1.4000000000000057, "Pa": 0.0, "Pd": 1.0, "Pc": 0.0, "Dh": -4.085714285714289, "Dsoc": 2.073214285714286}