{"start": "11-42-24", "end": "11-44-23", "Vmax": 60.0, "Vm": 31.49833333333334, "Pi": 0.14166666666666666, "Vmr": 36.69708737864078, "Aa": 0.40000000000000024, "Ad": -0.7894736842105265, "Vsd": 22.545962433116056, "Amax": 0.4000000000000057, "Amin": -1.0, "Pa": 0.10833333333333334, "Pd": 0.6333333333333333, "Pc": 0.25833333333333336, "Dh": -7.133333333333326, "Dsoc": 1.2666666666666657}