{"start": "10-19-01", "end": "10-21-00", "Vmax": 68.0, "Vm": 58.591666666666676, "Pi": 0.0, "Vmr": 58.591666666666676, "Aa": 0.6500000000000001, "Ad": -0.6166666666666667, "Vsd": 5.073440573519567, "Amax": 1.2666666666666728, "Amin": -1.2000000000000028, "Pa": 0.5, "Pd": 0.5, "Pc": 0.0, "Dh": 148.9333333333334, "Dsoc": 1.0}