{"start": "10-59-01", "end": "11-01-00", "Vmax": 74.0, "Vm": 67.81833333333333, "Pi": 0.0, "Vmr": 67.81833333333333, "Aa": 0.30923694779116473, "Ad": -0.5693693693693692, "Vsd": 3.825600164677606, "Amax": 0.46666666666666856, "Amin": -0.8666666666666742, "Pa": 0.6916666666666667, "Pd": 0.30833333333333335, "Pc": 0.0, "Dh": 86.0, "Dsoc": 2.3999999999999986}