{"start": "11-49-01", "end": "11-51-00", "Vmax": 43.0, "Vm": 16.848333333333336, "Pi": 0.0, "Vmr": 16.848333333333336, "Aa": 0.5478260869565221, "Ad": -0.9019607843137246, "Vsd": 12.071170716421252, "Amax": 0.8666666666666671, "Amin": -1.9333333333333371, "Pa": 0.575, "Pd": 0.425, "Pc": 0.0, "Dh": 235.79999999999995, "Dsoc": 1.0}