{"start": "19-46-37", "end": "19-48-36", "Vmax": 63.2, "Vm": 44.53, "Pi": 0.0, "Vmr": 44.53, "Aa": 0.6694444444444445, "Ad": -0.6416666666666666, "Vsd": 11.01235313494021, "Amax": 1.2666666666666728, "Amin": -1.3333333333333357, "Pa": 0.6, "Pd": 0.4, "Pc": 0.0, "Dh": -48.5333333333333, "Dsoc": 2.0}