{"start": "19-25-09", "end": "19-27-08", "Vmax": 70.0, "Vm": 64.80989583333333, "Pi": 0.0, "Vmr": 64.80989583333333, "Aa": 0.3225806451612903, "Ad": -0.2704741379310345, "Vsd": 3.1639011522849034, "Amax": 1.0, "Amin": -0.4375, "Pa": 0.5166666666666667, "Pd": 0.48333333333333334, "Pc": 0.0, "Dh": 3.179166666666788, "Dsoc": 0.06666666666666288}