{"start": "21-01-58", "end": "21-03-57", "Vmax": 72.0, "Vm": 50.544999999999995, "Pi": 0.0, "Vmr": 50.544999999999995, "Aa": 0.7440860215053763, "Ad": -0.24022988505747134, "Vsd": 12.722062744913954, "Amax": 1.5333333333333385, "Amin": -0.5333333333333456, "Pa": 0.5166666666666667, "Pd": 0.48333333333333334, "Pc": 0.0, "Dh": 15.600000000000023, "Dsoc": 1.9333333333333371}