{"start": "19-33-09", "end": "19-35-08", "Vmax": 68.0, "Vm": 59.48833333333334, "Pi": 0.0, "Vmr": 59.48833333333334, "Aa": 0.5587301587301587, "Ad": -0.6456140350877192, "Vsd": 4.119214727589325, "Amax": 1.2666666666666728, "Amin": -0.8000000000000043, "Pa": 0.525, "Pd": 0.475, "Pc": 0.0, "Dh": 131.60000000000014, "Dsoc": 1.0}