{"start": "09-35-01", "end": "09-37-00", "Vmax": 61.0, "Vm": 52.95111111111111, "Pi": 0.0, "Vmr": 52.95111111111111, "Aa": 0.4, "Ad": -0.33925925925925926, "Vsd": 4.668528906813194, "Amax": 0.6666666666666714, "Amin": -0.6000000000000014, "Pa": 0.5, "Pd": 0.375, "Pc": 0.125, "Dh": -79.13333333333344, "Dsoc": 1.0}