{"start": "10-12-24", "end": "10-14-23", "Vmax": 87.0, "Vm": 56.847222222222214, "Pi": 0.0, "Vmr": 56.847222222222214, "Aa": 0.7905882352941177, "Ad": -1.9809523809523808, "Vsd": 21.55443441644342, "Amax": 1.5, "Amin": -2.4000000000000057, "Pa": 0.7083333333333334, "Pd": 0.2916666666666667, "Pc": 0.0, "Dh": -18.866666666666788, "Dsoc": 1.0}