{"start": "19-41-09", "end": "19-43-08", "Vmax": 70.0, "Vm": 59.175000000000004, "Pi": 0.0, "Vmr": 59.175000000000004, "Aa": 0.596875, "Ad": -0.9666666666666667, "Vsd": 9.657398483624974, "Amax": 1.8000000000000043, "Amin": -1.6666666666666714, "Pa": 0.5333333333333333, "Pd": 0.4666666666666667, "Pc": 0.0, "Dh": 277.9333333333334, "Dsoc": 1.0}