{"start": "11-38-24", "end": "11-40-23", "Vmax": 71.0, "Vm": 61.74444444444445, "Pi": 0.0, "Vmr": 61.74444444444445, "Aa": 0.3897435897435898, "Ad": -0.5454545454545454, "Vsd": 6.391160640234859, "Amax": 1.06666666666667, "Amin": -0.9333333333333371, "Pa": 0.5416666666666666, "Pd": 0.4583333333333333, "Pc": 0.0, "Dh": -126.13333333333333, "Dsoc": 4.933333333333334}