{"start": "09-51-01", "end": "09-53-00", "Vmax": 74.0, "Vm": 63.28666666666667, "Pi": 0.0, "Vmr": 63.28666666666667, "Aa": 0.38974358974358975, "Ad": -0.6857142857142856, "Vsd": 7.45701957820477, "Amax": 1.13333333333334, "Amin": -1.4000000000000057, "Pa": 0.65, "Pd": 0.35, "Pc": 0.0, "Dh": 161.4000000000001, "Dsoc": 1.0}