{"start": "10-24-24", "end": "10-26-23", "Vmax": 71.0, "Vm": 61.33333333333333, "Pi": 0.0, "Vmr": 61.33333333333333, "Aa": 0.562962962962963, "Ad": -0.9641025641025641, "Vsd": 6.658538462288965, "Amax": 1.5333333333333385, "Amin": -1.6666666666666714, "Pa": 0.675, "Pd": 0.325, "Pc": 0.0, "Dh": 235.4666666666667, "Dsoc": 0.3333333333333286}