{"start": "19-42-37", "end": "19-44-36", "Vmax": 70.0, "Vm": 59.583333333333336, "Pi": 0.0, "Vmr": 59.583333333333336, "Aa": 0.7, "Ad": -0.4533333333333333, "Vsd": 6.731262681863651, "Amax": 0.8000000000000043, "Amin": -0.9333333333333371, "Pa": 0.25, "Pd": 0.625, "Pc": 0.125, "Dh": 191.66666666666652, "Dsoc": 1.0}