{"start": "19-18-37", "end": "19-20-36", "Vmax": 74.0, "Vm": 66.92166666666667, "Pi": 0.0, "Vmr": 66.92166666666667, "Aa": 0.32903225806451625, "Ad": -0.20449438202247194, "Vsd": 3.3514783448758547, "Amax": 0.4000000000000057, "Amin": -0.4000000000000057, "Pa": 0.25833333333333336, "Pd": 0.7416666666666667, "Pc": 0.0, "Dh": 314.5333333333333, "Dsoc": 1.0}