{"start": "19-10-37", "end": "19-12-36", "Vmax": 61.6, "Vm": 36.041666666666664, "Pi": 0.0, "Vmr": 36.041666666666664, "Aa": 1.175280898876406, "Ad": -1.8365591397849454, "Vsd": 18.440666833856927, "Amax": 2.3333333333333357, "Amin": -2.13333333333334, "Pa": 0.7416666666666667, "Pd": 0.25833333333333336, "Pc": 0.0, "Dh": 7.93333333333328, "Dsoc": 1.0}