{"start": "20-10-37", "end": "20-12-36", "Vmax": 54.0, "Vm": 44.23611111111111, "Pi": 0.0, "Vmr": 44.23611111111111, "Aa": 0.7111111111111111, "Ad": -0.7522222222222223, "Vsd": 5.7127498130403715, "Amax": 0.8000000000000043, "Amin": -1.4666666666666686, "Pa": 0.375, "Pd": 0.5, "Pc": 0.125, "Dh": 91.59999999999991, "Dsoc": 3.0}