{"start": "11-34-24", "end": "11-36-23", "Vmax": 59.56878306878307, "Vm": 55.00396825396824, "Pi": 0.0, "Vmr": 55.00396825396824, "Aa": 0, "Ad": -0.07671957671957669, "Vsd": 2.6686946391368065, "Amax": -0.07671957671956875, "Amin": -0.07671957671958296, "Pa": 0.0, "Pd": 1.0, "Pc": 0.0, "Dh": -158.98148148148152, "Dsoc": 0.31481481481481666}