{"start": "09-36-24", "end": "09-38-23", "Vmax": 62.0, "Vm": 55.77166666666666, "Pi": 0.0, "Vmr": 55.77166666666666, "Aa": 0.3458333333333334, "Ad": -0.35000000000000003, "Vsd": 4.514019348829375, "Amax": 0.6000000000000014, "Amin": -1.0, "Pa": 0.4, "Pd": 0.6, "Pc": 0.0, "Dh": -20.26666666666665, "Dsoc": 1.0}