{"start": "09-24-24", "end": "09-26-23", "Vmax": 72.0, "Vm": 60.385000000000005, "Pi": 0.0, "Vmr": 60.385000000000005, "Aa": 0.9, "Ad": -0.7822222222222223, "Vsd": 12.980831842816004, "Amax": 1.4000000000000057, "Amin": -3.266666666666673, "Pa": 0.25, "Pd": 0.75, "Pc": 0.0, "Dh": 116.60000000000002, "Dsoc": 1.0}