{"start": "11-44-24", "end": "11-46-23", "Vmax": 1.0, "Vm": 0.19944444444444448, "Pi": 0.625, "Vmr": 0.5318518518518519, "Aa": 0.06666666666666667, "Ad": -0.06666666666666667, "Vsd": 0.31263416043281345, "Amax": 0.06666666666666676, "Amin": -0.06666666666666676, "Pa": 0.25, "Pd": 0.13333333333333333, "Pc": 0.6166666666666667, "Dh": 62.33333333333337, "Dsoc": 2.866666666666667}