{"start": "19-37-09", "end": "19-39-08", "Vmax": 61.0, "Vm": 53.79, "Pi": 0.0, "Vmr": 53.79, "Aa": 0.6333333333333333, "Ad": -0.6133333333333334, "Vsd": 3.19896867134145, "Amax": 0.9333333333333371, "Amin": -0.8000000000000043, "Pa": 0.5, "Pd": 0.5, "Pc": 0.0, "Dh": 48.40000000000009, "Dsoc": 2.0}