{"start": "19-44-37", "end": "19-46-36", "Vmax": 63.0, "Vm": 58.42833333333333, "Pi": 0.0, "Vmr": 58.42833333333333, "Aa": 0.3083333333333333, "Ad": -0.33611111111111114, "Vsd": 3.6806777123290058, "Amax": 0.6000000000000014, "Amin": -0.6000000000000014, "Pa": 0.4, "Pd": 0.6, "Pc": 0.0, "Dh": 226.73333333333312, "Dsoc": 2.0}