{"start": "20-27-09", "end": "20-29-08", "Vmax": 63.333333333333336, "Vm": 12.583333333333336, "Pi": 0.7083333333333334, "Vmr": 43.142857142857146, "Aa": 0, "Ad": -1.7611111111111104, "Vsd": 22.167550160359333, "Amax": 0.0, "Amin": -3.06666666666667, "Pa": 0.0, "Pd": 0.3, "Pc": 0.7, "Dh": -35.26666666666665, "Dsoc": 4.0}