{"start": "10-43-01", "end": "10-45-00", "Vmax": 73.0, "Vm": 55.76916666666666, "Pi": 0.0, "Vmr": 55.76916666666666, "Aa": 0.34518518518518515, "Ad": -1.053333333333333, "Vsd": 21.638412670399166, "Amax": 0.46666666666666723, "Amin": -2.6000000000000014, "Pa": 0.375, "Pd": 0.625, "Pc": 0.0, "Dh": -208.06666666666683, "Dsoc": 1.0}