{"start": "19-31-09", "end": "19-33-08", "Vmax": 62.0, "Vm": 57.43333333333332, "Pi": 0.0, "Vmr": 57.43333333333332, "Aa": 0.29473684210526313, "Ad": -0.13968253968253963, "Vsd": 3.7581905573257903, "Amax": 0.6666666666666714, "Amin": -0.6000000000000014, "Pa": 0.475, "Pd": 0.525, "Pc": 0.0, "Dh": 168.79999999999995, "Dsoc": 1.13333333333334}