{"start": "11-11-01", "end": "11-13-00", "Vmax": 85.0, "Vm": 64.29777777777777, "Pi": 0.0, "Vmr": 64.29777777777777, "Aa": 0.8666666666666667, "Ad": -0.9511111111111112, "Vsd": 15.948242461075804, "Amax": 1.3333333333333428, "Amin": -1.4666666666666686, "Pa": 0.5, "Pd": 0.5, "Pc": 0.0, "Dh": -177.1333333333332, "Dsoc": 2.0}