{"start": "09-12-24", "end": "09-14-23", "Vmax": 18.2, "Vm": 2.0777777777777775, "Pi": 0.6333333333333333, "Vmr": 5.666666666666666, "Aa": 0.13333333333333333, "Ad": -0.5749999999999997, "Vsd": 4.4076864644478055, "Amax": 0.13333333333333353, "Amin": -0.8666666666666671, "Pa": 0.10833333333333334, "Pd": 0.26666666666666666, "Pc": 0.625, "Dh": 136.60000000000002, "Dsoc": 1.0}