{"start": "20-47-09", "end": "20-49-08", "Vmax": 68.0, "Vm": 59.20333333333333, "Pi": 0.0, "Vmr": 59.20333333333333, "Aa": 0.19333333333333336, "Ad": -0.2833333333333333, "Vsd": 4.71057256932803, "Amax": 0.46666666666666856, "Amin": -0.5333333333333456, "Pa": 0.5, "Pd": 0.5, "Pc": 0.0, "Dh": -30.799999999999955, "Dsoc": 1.5333333333333314}