{"start": "19-45-09", "end": "19-47-08", "Vmax": 65.0, "Vm": 54.58166666666666, "Pi": 0.0, "Vmr": 54.58166666666666, "Aa": 0.6568627450980393, "Ad": -0.5914728682170542, "Vsd": 7.099043017527495, "Amax": 0.9333333333333371, "Amin": -1.5333333333333385, "Pa": 0.2833333333333333, "Pd": 0.7166666666666667, "Pc": 0.0, "Dh": 247.20000000000027, "Dsoc": 2.0}