{"start": "19-48-37", "end": "19-50-36", "Vmax": 69.0, "Vm": 65.36999999999999, "Pi": 0.0, "Vmr": 65.36999999999999, "Aa": 0.19333333333333325, "Ad": -0.18333333333333332, "Vsd": 2.4948402402685264, "Amax": 0.6000000000000085, "Amin": -0.46666666666667567, "Pa": 0.5, "Pd": 0.5, "Pc": 0.0, "Dh": -208.66666666666652, "Dsoc": 1.0}