{"start": "19-28-37", "end": "19-30-36", "Vmax": 73.0, "Vm": 64.84777777777778, "Pi": 0.0, "Vmr": 64.84777777777778, "Aa": 0.45888888888888885, "Ad": -0.5, "Vsd": 5.585503334038337, "Amax": 1.2000000000000028, "Amin": -0.9333333333333371, "Pa": 0.5, "Pd": 0.5, "Pc": 0.0, "Dh": 129.80000000000018, "Dsoc": 1.0}