{"start": "21-01-09", "end": "21-03-08", "Vmax": 60.733333333333334, "Vm": 40.32333333333334, "Pi": 0.0, "Vmr": 40.32333333333334, "Aa": 0.7121212121212122, "Ad": -0.9666666666666666, "Vsd": 9.783469547007215, "Amax": 2.0, "Amin": -1.4666666666666686, "Pa": 0.55, "Pd": 0.45, "Pc": 0.0, "Dh": -34.59999999999991, "Dsoc": 1.93333333333333}