{"start": "11-40-24", "end": "11-42-23", "Vmax": 59.0, "Vm": 44.31833333333332, "Pi": 0.0, "Vmr": 44.31833333333332, "Aa": 0.5542857142857143, "Ad": -0.64, "Vsd": 7.817188775017119, "Amax": 0.8000000000000043, "Amin": -0.8000000000000043, "Pa": 0.5833333333333334, "Pd": 0.4166666666666667, "Pc": 0.0, "Dh": 38.60000000000002, "Dsoc": 1.1333333333333329}