{"start": "19-20-37", "end": "19-22-36", "Vmax": 67.0, "Vm": 58.72611111111112, "Pi": 0.0, "Vmr": 58.72611111111112, "Aa": 0.24444444444444444, "Ad": -0.32111111111111107, "Vsd": 4.193140954143255, "Amax": 0.6000000000000085, "Amin": -0.6000000000000085, "Pa": 0.375, "Pd": 0.5, "Pc": 0.125, "Dh": 178.8666666666668, "Dsoc": 1.0}