{"start": "10-35-01", "end": "10-37-00", "Vmax": 76.0, "Vm": 69.09166666666667, "Pi": 0.0, "Vmr": 69.09166666666667, "Aa": 0.33939393939393936, "Ad": -0.25185185185185177, "Vsd": 4.019876502602014, "Amax": 0.7333333333333343, "Amin": -0.7333333333333343, "Pa": 0.55, "Pd": 0.45, "Pc": 0.0, "Dh": -156.80000000000018, "Dsoc": 1.0}