{"start": "09-41-01", "end": "09-43-00", "Vmax": 73.0, "Vm": 60.37833333333333, "Pi": 0.0, "Vmr": 60.37833333333333, "Aa": 0.31555555555555564, "Ad": -0.4666666666666667, "Vsd": 9.03995555585945, "Amax": 0.7333333333333343, "Amin": -1.06666666666667, "Pa": 0.375, "Pd": 0.625, "Pc": 0.0, "Dh": 133.33333333333326, "Dsoc": 1.9333333333333371}