{"start": "20-11-09", "end": "20-13-08", "Vmax": 67.0, "Vm": 56.041666666666664, "Pi": 0.0, "Vmr": 56.041666666666664, "Aa": 0.6888888888888889, "Ad": -0.41333333333333333, "Vsd": 5.335287194623451, "Amax": 1.13333333333334, "Amin": -0.8666666666666742, "Pa": 0.375, "Pd": 0.625, "Pc": 0.0, "Dh": 70.0, "Dsoc": 2.0}