{"start": "11-14-24", "end": "11-16-23", "Vmax": 82.0, "Vm": 63.475, "Pi": 0.0, "Vmr": 63.475, "Aa": 0.6666666666666666, "Ad": -0.5622222222222223, "Vsd": 10.033637403844168, "Amax": 1.06666666666667, "Amin": -1.06666666666667, "Pa": 0.5, "Pd": 0.5, "Pc": 0.0, "Dh": -111.5333333333333, "Dsoc": 1.93333333333333}