{"start": "09-53-01", "end": "09-55-00", "Vmax": 63.0, "Vm": 53.635, "Pi": 0.0, "Vmr": 53.635, "Aa": 0.5263157894736842, "Ad": -0.65, "Vsd": 6.576953580041772, "Amax": 0.6666666666666714, "Amin": -1.4000000000000057, "Pa": 0.475, "Pd": 0.4, "Pc": 0.125, "Dh": 204.1333333333332, "Dsoc": 1.0}