{"start": "09-21-01", "end": "09-23-00", "Vmax": 61.13333333333333, "Vm": 28.108333333333334, "Pi": 0.008333333333333333, "Vmr": 28.34453781512605, "Aa": 1.0288288288288294, "Ad": -0.6565217391304347, "Vsd": 15.838432762775247, "Amax": 1.7333333333333343, "Amin": -2.1999999999999957, "Pa": 0.6166666666666667, "Pd": 0.38333333333333336, "Pc": 0.0, "Dh": 34.5333333333333, "Dsoc": 1.0}