{"start": "11-21-01", "end": "11-23-00", "Vmax": 57.0, "Vm": 45.69999999999998, "Pi": 0.0, "Vmr": 45.69999999999998, "Aa": 0.7466666666666667, "Ad": -0.24444444444444444, "Vsd": 11.042266645080819, "Amax": 1.4000000000000021, "Amin": -0.2666666666666728, "Pa": 0.625, "Pd": 0.375, "Pc": 0.0, "Dh": -176.20000000000005, "Dsoc": 2.0}