{"start": "09-43-01", "end": "09-45-00", "Vmax": 71.0, "Vm": 58.98388888888888, "Pi": 0.0, "Vmr": 58.98388888888888, "Aa": 0.41441441441441446, "Ad": -1.4666666666666666, "Vsd": 6.825130669250942, "Amax": 0.8666666666666742, "Amin": -1.4666666666666757, "Pa": 0.6166666666666667, "Pd": 0.125, "Pc": 0.25833333333333336, "Dh": 210.5999999999999, "Dsoc": 1.0}