{"start": "19-16-37", "end": "19-18-36", "Vmax": 71.0, "Vm": 61.266666666666666, "Pi": 0.0, "Vmr": 61.266666666666666, "Aa": 0.20666666666666653, "Ad": -0.35555555555555557, "Vsd": 4.696543020123342, "Amax": 0.5999999999999943, "Amin": -0.4000000000000057, "Pa": 0.5, "Pd": 0.375, "Pc": 0.125, "Dh": 144.73333333333335, "Dsoc": 1.0}