{"start": "10-18-24", "end": "10-20-23", "Vmax": 65.0, "Vm": 58.916666666666664, "Pi": 0.0, "Vmr": 58.916666666666664, "Aa": 0.2515151515151515, "Ad": -0.2888888888888889, "Vsd": 3.5907990106679617, "Amax": 0.6000000000000014, "Amin": -0.5333333333333385, "Pa": 0.55, "Pd": 0.45, "Pc": 0.0, "Dh": 390.8000000000002, "Dsoc": 0.5999999999999943}