{"start": "19-56-37", "end": "19-58-36", "Vmax": 47.145363408521305, "Vm": 43.71553884711779, "Pi": 0.0, "Vmr": 43.71553884711779, "Aa": 0.05764411027568925, "Ad": 0, "Vsd": 2.0051535038160404, "Amax": 0.05764411027569594, "Amin": 0.05764411027568883, "Pa": 1.0, "Pd": 0.0, "Pc": 0.0, "Dh": -211.75438596491222, "Dsoc": 0.8947368421052602}