{"start": "10-09-01", "end": "10-11-00", "Vmax": 74.0, "Vm": 62.220000000000006, "Pi": 0.0, "Vmr": 62.220000000000006, "Aa": 0.6910798122065727, "Ad": -1.196078431372549, "Vsd": 7.730689203140661, "Amax": 1.7333333333333485, "Amin": -1.6000000000000085, "Pa": 0.5916666666666667, "Pd": 0.2833333333333333, "Pc": 0.125, "Dh": -202.4000000000001, "Dsoc": 1.2000000000000028}