{"start": "20-16-37", "end": "20-18-36", "Vmax": 61.86666666666667, "Vm": 50.24388888888889, "Pi": 0.0, "Vmr": 50.24388888888889, "Aa": 0.4888888888888889, "Ad": -0.3697777777777777, "Vsd": 8.437028766336157, "Amax": 0.6666666666666714, "Amin": -0.7999999999999972, "Pa": 0.375, "Pd": 0.625, "Pc": 0.0, "Dh": -306.0, "Dsoc": 1.06666666666667}