{"start": "10-26-24", "end": "10-28-23", "Vmax": 81.0, "Vm": 64.125, "Pi": 0.0, "Vmr": 64.125, "Aa": 1.0666666666666667, "Ad": -0.9866666666666666, "Vsd": 12.1081079933381, "Amax": 2.0, "Amin": -1.5333333333333385, "Pa": 0.375, "Pd": 0.375, "Pc": 0.25, "Dh": 270.13333333333367, "Dsoc": 1.0}