{"start": "11-36-24", "end": "11-38-23", "Vmax": 52.666666666666664, "Vm": 46.321671075837735, "Pi": 0.0, "Vmr": 46.321671075837735, "Aa": 1.0666666666666664, "Ad": -0.07671957671957676, "Vsd": 2.5481852478009444, "Amax": 1.06666666666667, "Amin": -0.07671957671958296, "Pa": 0.08333333333333333, "Pd": 0.9166666666666666, "Pc": 0.0, "Dh": -140.95502645502654, "Dsoc": 0.9550264550264593}