{"start": "09-54-24", "end": "09-56-23", "Vmax": 73.0, "Vm": 57.268333333333324, "Pi": 0.0, "Vmr": 57.268333333333324, "Aa": 0.6311111111111111, "Ad": -0.7333333333333333, "Vsd": 5.945061034193015, "Amax": 1.4666666666666686, "Amin": -0.9333333333333371, "Pa": 0.5, "Pd": 0.5, "Pc": 0.0, "Dh": 240.66666666666652, "Dsoc": 1.0}