{"start": "19-49-09", "end": "19-51-08", "Vmax": 69.6, "Vm": 34.68, "Pi": 0.2833333333333333, "Vmr": 48.39069767441861, "Aa": 1.0507042253521124, "Ad": -0.3333333333333333, "Vsd": 25.38894912414424, "Amax": 2.6666666666666714, "Amin": -0.3333333333333357, "Pa": 0.5916666666666667, "Pd": 0.125, "Pc": 0.2833333333333333, "Dh": -202.19999999999982, "Dsoc": 1.0}