{"start": "20-21-09", "end": "20-23-08", "Vmax": 70.0, "Vm": 58.875, "Pi": 0.0, "Vmr": 58.875, "Aa": 0.5833333333333334, "Ad": -0.5833333333333334, "Vsd": 4.641038572231964, "Amax": 1.4000000000000057, "Amin": -1.066666666666677, "Pa": 0.5, "Pd": 0.5, "Pc": 0.0, "Dh": -383.0, "Dsoc": 1.6666666666666643}