{"start": "19-38-37", "end": "19-40-36", "Vmax": 63.0, "Vm": 57.701666666666675, "Pi": 0.0, "Vmr": 57.701666666666675, "Aa": 0.27999999999999997, "Ad": -0.23333333333333334, "Vsd": 2.4074419710703223, "Amax": 0.6000000000000014, "Amin": -0.4000000000000057, "Pa": 0.5, "Pd": 0.5, "Pc": 0.0, "Dh": 194.39999999999964, "Dsoc": 1.7999999999999972}