{"start": "20-53-09", "end": "20-55-08", "Vmax": 80.0, "Vm": 74.25055555555555, "Pi": 0.0, "Vmr": 74.25055555555555, "Aa": 0.3320754716981131, "Ad": -0.2252252252252251, "Vsd": 3.231150851201195, "Amax": 0.5333333333333456, "Amin": -0.3333333333333428, "Pa": 0.44166666666666665, "Pd": 0.30833333333333335, "Pc": 0.25, "Dh": -307.4666666666667, "Dsoc": 0.46666666666666856}