{"start": "19-58-37", "end": "20-00-36", "Vmax": 54.06265664160401, "Vm": 50.632832080200494, "Pi": 0.0, "Vmr": 50.632832080200494, "Aa": 0.057644110275689185, "Ad": 0, "Vsd": 2.00515350381604, "Amax": 0.05764411027569594, "Amin": 0.05764411027568883, "Pa": 1.0, "Pd": 0.0, "Pc": 0.0, "Dh": -211.75438596491222, "Dsoc": 0.8947368421052602}