{"start": "10-47-01", "end": "10-49-00", "Vmax": 4.0, "Vm": 0.11666666666666668, "Pi": 0.95, "Vmr": 2.3333333333333335, "Aa": 0, "Ad": -0.6666666666666667, "Vsd": 0.57109000240739, "Amax": 0.0, "Amin": -0.6666666666666679, "Pa": 0.0, "Pd": 0.058333333333333334, "Pc": 0.9416666666666667, "Dh": 6.522222222222126, "Dsoc": 0.3999999999999986}