{"start": "10-38-24", "end": "10-40-23", "Vmax": 72.0, "Vm": 55.70666666666667, "Pi": 0.0, "Vmr": 55.70666666666667, "Aa": 0.5475555555555556, "Ad": -0.8222222222222222, "Vsd": 9.105159678616804, "Amax": 1.0, "Amin": -1.0, "Pa": 0.625, "Pd": 0.375, "Pc": 0.0, "Dh": -382.9333333333334, "Dsoc": 3.0}