{"start": "19-08-37", "end": "19-10-36", "Vmax": 66.0, "Vm": 35.600000000000016, "Pi": 0.0, "Vmr": 35.600000000000016, "Aa": 0.8222222222222222, "Ad": -1.203603603603604, "Vsd": 17.523030064262663, "Amax": 1.9333333333333371, "Amin": -2.4666666666666686, "Pa": 0.375, "Pd": 0.6166666666666667, "Pc": 0.008333333333333333, "Dh": 40.26666666666665, "Dsoc": 1.0}