{"start": "19-09-09", "end": "19-11-08", "Vmax": 54.93333333333333, "Vm": 32.225, "Pi": 0.0, "Vmr": 32.225, "Aa": 0.8234234234234233, "Ad": -1.7849462365591398, "Vsd": 13.958144883547481, "Amax": 1.5333333333333385, "Amin": -3.06666666666667, "Pa": 0.6166666666666667, "Pd": 0.25833333333333336, "Pc": 0.125, "Dh": 46.200000000000045, "Dsoc": 0.9333333333333371}