{"start": "10-55-01", "end": "10-57-00", "Vmax": 74.0, "Vm": 60.995000000000005, "Pi": 0.0, "Vmr": 60.995000000000005, "Aa": 0.5333333333333333, "Ad": -0.9881481481481482, "Vsd": 6.425597517329823, "Amax": 0.9333333333333371, "Amin": -1.4666666666666686, "Pa": 0.625, "Pd": 0.375, "Pc": 0.0, "Dh": 164.9333333333334, "Dsoc": 0.5333333333333314}