{"start": "19-14-37", "end": "19-16-36", "Vmax": 70.4, "Vm": 62.96666666666667, "Pi": 0.0, "Vmr": 62.96666666666667, "Aa": 0.2949152542372882, "Ad": -0.16612021857923495, "Vsd": 2.109159252980938, "Amax": 0.6000000000000085, "Amin": -0.20000000000000284, "Pa": 0.49166666666666664, "Pd": 0.5083333333333333, "Pc": 0.0, "Dh": 43.866666666666674, "Dsoc": 1.0}