{"start": "19-59-09", "end": "20-01-08", "Vmax": 65.0, "Vm": 57.675, "Pi": 0.0, "Vmr": 57.675, "Aa": 0.45238095238095233, "Ad": -0.4933333333333333, "Vsd": 4.60626425658515, "Amax": 0.9333333333333371, "Amin": -0.7333333333333343, "Pa": 0.5833333333333334, "Pd": 0.4166666666666667, "Pc": 0.0, "Dh": -377.5333333333333, "Dsoc": 1.2666666666666657}