{"start": "11-52-24", "end": "11-54-23", "Vmax": 2.0, "Vm": 0.720787037037037, "Pi": 0.15, "Vmr": 0.8479847494553376, "Aa": 0.03145645645645645, "Ad": -0.09999999999999999, "Vsd": 0.4519272604020914, "Amax": 0.13333333333333353, "Amin": -0.13333333333333353, "Pa": 0.6166666666666667, "Pd": 0.25, "Pc": 0.13333333333333333, "Dh": 266.6, "Dsoc": 0.6444444444444457}