{"start": "10-27-01", "end": "10-29-00", "Vmax": 74.0, "Vm": 64.84027777777779, "Pi": 0.0, "Vmr": 64.84027777777779, "Aa": 0.6, "Ad": -0.4568888888888889, "Vsd": 6.074947534800262, "Amax": 0.6666666666666714, "Amin": -1.066666666666677, "Pa": 0.25, "Pd": 0.625, "Pc": 0.125, "Dh": 291.1333333333332, "Dsoc": 1.0}