{"start": "10-21-01", "end": "10-23-00", "Vmax": 71.66666666666667, "Vm": 62.29999999999999, "Pi": 0.0, "Vmr": 62.29999999999999, "Aa": 0.5, "Ad": -0.38333333333333336, "Vsd": 5.342534080517778, "Amax": 0.8666666666666742, "Amin": -0.46666666666666856, "Pa": 0.5, "Pd": 0.5, "Pc": 0.0, "Dh": 167.80000000000018, "Dsoc": 1.0}