{"start": "19-32-37", "end": "19-34-36", "Vmax": 69.0, "Vm": 59.36444444444443, "Pi": 0.0, "Vmr": 59.36444444444443, "Aa": 0.6553191489361702, "Ad": -0.5242009132420091, "Vsd": 4.712483636367498, "Amax": 1.3333333333333428, "Amin": -0.8666666666666742, "Pa": 0.39166666666666666, "Pd": 0.6083333333333333, "Pc": 0.0, "Dh": 233.0666666666666, "Dsoc": 0.9333333333333371}