{"start": "10-20-24", "end": "10-22-23", "Vmax": 76.0, "Vm": 59.66666666666666, "Pi": 0.0, "Vmr": 59.66666666666666, "Aa": 0.56, "Ad": -0.671111111111111, "Vsd": 6.564966578828799, "Amax": 1.066666666666677, "Amin": -1.3333333333333428, "Pa": 0.625, "Pd": 0.375, "Pc": 0.0, "Dh": 28.59999999999991, "Dsoc": 1.3333333333333286}