{"start": "19-55-09", "end": "19-57-08", "Vmax": 82.0, "Vm": 68.74000000000001, "Pi": 0.0, "Vmr": 68.74000000000001, "Aa": 0.5688888888888889, "Ad": -0.4, "Vsd": 7.820800630519505, "Amax": 1.2000000000000028, "Amin": -0.5333333333333456, "Pa": 0.5, "Pd": 0.5, "Pc": 0.0, "Dh": -173.66666666666697, "Dsoc": 1.0}