{"start": "09-27-47", "end": "09-29-46", "Vmax": 74.4, "Vm": 34.68999999999999, "Pi": 0.0, "Vmr": 34.68999999999999, "Aa": 0.9770370370370374, "Ad": -0.8, "Vsd": 18.030253313449375, "Amax": 1.8000000000000043, "Amin": -0.8666666666666671, "Pa": 0.75, "Pd": 0.25, "Pc": 0.0, "Dh": 53.73333333333335, "Dsoc": 1.0}