{"start": "09-17-47", "end": "09-19-46", "Vmax": 7.0, "Vm": 0.4979497354497354, "Pi": 0.5166666666666667, "Vmr": 1.0302408319649698, "Aa": 0.003968253968253968, "Ad": -0.5, "Vsd": 1.4222776621548752, "Amax": 0.003968253968253982, "Amin": -1.0, "Pa": 0.35833333333333334, "Pd": 0.13333333333333333, "Pc": 0.5083333333333333, "Dh": 83.7579365079365, "Dsoc": 1.0}