{"start": "19-35-36", "end": "19-37-35", "Vmax": 76.0, "Vm": 62.62833333333334, "Pi": 0.0, "Vmr": 62.62833333333334, "Aa": 0.64, "Ad": -0.5733333333333335, "Vsd": 9.041802907233631, "Amax": 1.2000000000000028, "Amin": -0.8666666666666742, "Pa": 0.625, "Pd": 0.375, "Pc": 0.0, "Dh": -154.4666666666667, "Dsoc": 0.7333333333333343}