{"start": "19-51-36", "end": "19-53-35", "Vmax": 52.0, "Vm": 47.25277777777779, "Pi": 0.0, "Vmr": 47.25277777777779, "Aa": 0.3, "Ad": -0.42777777777777787, "Vsd": 2.829877884130549, "Amax": 0.46666666666666856, "Amin": -0.6000000000000014, "Pa": 0.5, "Pd": 0.5, "Pc": 0.0, "Dh": 250.5999999999999, "Dsoc": 1.0}