{"start": "20-03-36", "end": "20-05-35", "Vmax": 69.0, "Vm": 47.8611111111111, "Pi": 0.0, "Vmr": 47.8611111111111, "Aa": 0.6777777777777778, "Ad": -0.9222222222222224, "Vsd": 13.744472334850146, "Amax": 1.4000000000000057, "Amin": -1.2666666666666693, "Pa": 0.75, "Pd": 0.25, "Pc": 0.0, "Dh": -205.73333333333312, "Dsoc": 1.6666666666666643}