{"start": "19-41-36", "end": "19-43-35", "Vmax": 63.0, "Vm": 56.16333333333332, "Pi": 0.0, "Vmr": 56.16333333333332, "Aa": 0.49333333333333335, "Ad": -0.5, "Vsd": 5.069856359970924, "Amax": 0.9333333333333371, "Amin": -1.0, "Pa": 0.5, "Pd": 0.5, "Pc": 0.0, "Dh": -199.20000000000027, "Dsoc": 1.0}