{"start": "10-49-50", "end": "10-51-49", "Vmax": 72.0, "Vm": 63.616597222222225, "Pi": 0.0, "Vmr": 63.616597222222225, "Aa": 0.2871212121212121, "Ad": -0.6953125, "Vsd": 5.537106229487645, "Amax": 0.8666666666666742, "Amin": -1.125, "Pa": 0.7333333333333333, "Pd": 0.26666666666666666, "Pc": 0.0, "Dh": 356.3375000000001, "Dsoc": 2.0}