{"start": "19-21-36", "end": "19-23-35", "Vmax": 75.0, "Vm": 62.461666666666666, "Pi": 0.0, "Vmr": 62.461666666666666, "Aa": 0.5111111111111111, "Ad": -0.7438596491228071, "Vsd": 9.506929656024276, "Amax": 1.0, "Amin": -1.5333333333333385, "Pa": 0.375, "Pd": 0.475, "Pc": 0.15, "Dh": 125.33333333333348, "Dsoc": 0.7999999999999972}