{"start": "20-13-36", "end": "20-15-35", "Vmax": 63.0, "Vm": 46.591666666666676, "Pi": 0.0, "Vmr": 46.591666666666676, "Aa": 0.9833333333333333, "Ad": -0.3166666666666667, "Vsd": 11.246533857572468, "Amax": 1.6666666666666714, "Amin": -0.8000000000000043, "Pa": 0.5, "Pd": 0.5, "Pc": 0.0, "Dh": -197.86666666666633, "Dsoc": 0.6000000000000014}