{"start": "11-37-54", "end": "11-39-53", "Vmax": 64.0, "Vm": 47.37999999999999, "Pi": 0.0, "Vmr": 47.37999999999999, "Aa": 0.35555555555555557, "Ad": -0.7342222222222222, "Vsd": 12.000639883344158, "Amax": 0.5333333333333385, "Amin": -1.8666666666666671, "Pa": 0.375, "Pd": 0.625, "Pc": 0.0, "Dh": -118.66666666666663, "Dsoc": 2.7333333333333343}