{"start": "09-15-47", "end": "09-17-46", "Vmax": 42.0, "Vm": 20.28333333333334, "Pi": 0.008333333333333333, "Vmr": 20.453781512605048, "Aa": 0.5555555555555552, "Ad": -1.4482758620689655, "Vsd": 11.928940712287643, "Amax": 1.2666666666666693, "Amin": -1.8666666666666671, "Pa": 0.75, "Pd": 0.24166666666666667, "Pc": 0.008333333333333333, "Dh": -223.5333333333333, "Dsoc": 1.0}