{"start": "11-05-54", "end": "11-07-53", "Vmax": 86.0, "Vm": 72.89833333333333, "Pi": 0.0, "Vmr": 72.89833333333333, "Aa": 0.9333333333333333, "Ad": -0.6114942528735633, "Vsd": 7.68389472176956, "Amax": 2.933333333333337, "Amin": -1.13333333333334, "Pa": 0.5166666666666667, "Pd": 0.48333333333333334, "Pc": 0.0, "Dh": -324.7333333333336, "Dsoc": 1.06666666666667}