{"start": "20-17-34", "end": "20-19-33", "Vmax": 63.0, "Vm": 54.42499999999999, "Pi": 0.0, "Vmr": 54.42499999999999, "Aa": 0.4862745098039215, "Ad": -0.37681159420289856, "Vsd": 5.378027451743686, "Amax": 0.6666666666666714, "Amin": -0.8666666666666742, "Pa": 0.425, "Pd": 0.575, "Pc": 0.0, "Dh": -227.4000000000001, "Dsoc": 1.0}