{"start": "19-45-36", "end": "19-47-35", "Vmax": 64.0, "Vm": 50.095, "Pi": 0.0, "Vmr": 50.095, "Aa": 0.48333333333333334, "Ad": -0.8764227642276422, "Vsd": 10.520474591049354, "Amax": 1.4666666666666686, "Amin": -1.4000000000000057, "Pa": 0.5, "Pd": 0.3416666666666667, "Pc": 0.15833333333333333, "Dh": -71.33333333333348, "Dsoc": 1.0}