{"start": "20-05-36", "end": "20-07-35", "Vmax": 63.13333333333333, "Vm": 58.75694444444444, "Pi": 0.0, "Vmr": 58.75694444444444, "Aa": 0.13333333333333333, "Ad": -0.4888888888888888, "Vsd": 2.049866581859314, "Amax": 0.2666666666666728, "Amin": -0.5625, "Pa": 0.5, "Pd": 0.25, "Pc": 0.25, "Dh": -231.26666666666688, "Dsoc": 0.8666666666666671}