{"start": "09-55-47", "end": "09-57-46", "Vmax": 70.0, "Vm": 54.85000000000001, "Pi": 0.0, "Vmr": 54.85000000000001, "Aa": 1.3354838709677421, "Ad": -0.8666666666666659, "Vsd": 7.437840765757854, "Amax": 1.7333333333333343, "Amin": -1.9333333333333371, "Pa": 0.25833333333333336, "Pd": 0.625, "Pc": 0.11666666666666667, "Dh": 47.5333333333333, "Dsoc": 1.0}