{"start": "19-37-36", "end": "19-39-35", "Vmax": 66.0, "Vm": 53.071666666666665, "Pi": 0.0, "Vmr": 53.071666666666665, "Aa": 0.37183098591549296, "Ad": -0.7918367346938775, "Vsd": 5.6270267020101645, "Amax": 0.5333333333333385, "Amin": -1.2000000000000028, "Pa": 0.5916666666666667, "Pd": 0.4083333333333333, "Pc": 0.0, "Dh": 44.4666666666667, "Dsoc": 0.20000000000000284}