{"start": "10-57-54", "end": "10-59-53", "Vmax": 77.0, "Vm": 67.73083333333334, "Pi": 0.0, "Vmr": 67.73083333333334, "Aa": 0.5869565217391305, "Ad": -0.7655172413793104, "Vsd": 8.293787793667414, "Amax": 0.9375, "Amin": -1.8000000000000114, "Pa": 0.38333333333333336, "Pd": 0.48333333333333334, "Pc": 0.13333333333333333, "Dh": 245.4666666666667, "Dsoc": 0.13333333333333286}