{"start": "11-05-50", "end": "11-07-49", "Vmax": 83.0, "Vm": 67.46333333333335, "Pi": 0.0, "Vmr": 67.46333333333335, "Aa": 0.47500000000000003, "Ad": -1.2458333333333333, "Vsd": 12.623816212262085, "Amax": 0.9333333333333371, "Amin": -1.8666666666666742, "Pa": 0.6, "Pd": 0.4, "Pc": 0.0, "Dh": -61.79999999999973, "Dsoc": 0.3333333333333357}