{"start": "11-27-50", "end": "11-29-49", "Vmax": 65.6, "Vm": 57.89444444444445, "Pi": 0.0, "Vmr": 57.89444444444445, "Aa": 0.47111111111111104, "Ad": -0.6888888888888889, "Vsd": 5.07394128605091, "Amax": 0.9333333333333371, "Amin": -1.2666666666666728, "Pa": 0.625, "Pd": 0.375, "Pc": 0.0, "Dh": -217.8666666666668, "Dsoc": 1.8666666666666671}