{"start": "09-41-47", "end": "09-43-46", "Vmax": 74.0, "Vm": 57.95, "Pi": 0.0, "Vmr": 57.95, "Aa": 0.48, "Ad": -1.0666666666666667, "Vsd": 11.742319737987534, "Amax": 0.8000000000000043, "Amin": -1.6666666666666714, "Pa": 0.625, "Pd": 0.375, "Pc": 0.0, "Dh": -74.0666666666666, "Dsoc": 1.0}