{"start": "20-49-10", "end": "20-51-09", "Vmax": 62.0, "Vm": 59.345555555555556, "Pi": 0.0, "Vmr": 59.345555555555556, "Aa": 0.17708333333333326, "Ad": -0.1310344827586207, "Vsd": 0.9246488048914441, "Amax": 0.3333333333333357, "Amin": -0.20000000000000284, "Pa": 0.26666666666666666, "Pd": 0.48333333333333334, "Pc": 0.25, "Dh": -116.0, "Dsoc": 0.06666666666666288}