{"start": "19-33-34", "end": "19-35-33", "Vmax": 62.0, "Vm": 54.03166666666667, "Pi": 0.0, "Vmr": 54.03166666666667, "Aa": 0.4, "Ad": -0.6477777777777778, "Vsd": 4.327058266300866, "Amax": 0.7333333333333343, "Amin": -1.4000000000000057, "Pa": 0.5, "Pd": 0.5, "Pc": 0.0, "Dh": -212.86666666666633, "Dsoc": 1.0}