{"start": "10-31-47", "end": "10-33-46", "Vmax": 80.0, "Vm": 64.84433204881184, "Pi": 0.0, "Vmr": 64.84433204881184, "Aa": 1.2666666666666666, "Ad": -0.4956112181545707, "Vsd": 6.279980297836069, "Amax": 1.3333333333333428, "Amin": -0.8000000000000114, "Pa": 0.25, "Pd": 0.75, "Pc": 0.0, "Dh": -313.6504816955685, "Dsoc": 2.0458574181117513}