{"start": "18-57-36", "end": "18-59-35", "Vmax": 72.0, "Vm": 67.37166666666666, "Pi": 0.0, "Vmr": 67.37166666666666, "Aa": 0.26881720430107536, "Ad": -0.2527131782945735, "Vsd": 2.7324472499677297, "Amax": 0.8000000000000114, "Amin": -0.46666666666666856, "Pa": 0.5166666666666667, "Pd": 0.35833333333333334, "Pc": 0.125, "Dh": 97.0, "Dsoc": 1.0}