{"start": "09-39-47", "end": "09-41-46", "Vmax": 69.0, "Vm": 57.974999999999994, "Pi": 0.0, "Vmr": 57.974999999999994, "Aa": 0.9555555555555556, "Ad": -0.6533333333333333, "Vsd": 7.566741630201599, "Amax": 1.8000000000000043, "Amin": -1.2666666666666728, "Pa": 0.375, "Pd": 0.625, "Pc": 0.0, "Dh": -33.200000000000045, "Dsoc": 1.0}