{"start": "11-41-50", "end": "11-43-49", "Vmax": 40.0, "Vm": 22.341666666666665, "Pi": 0.0, "Vmr": 22.341666666666665, "Aa": 0.5194444444444442, "Ad": -1.0083333333333326, "Vsd": 10.391376021084888, "Amax": 1.1333333333333364, "Amin": -3.133333333333333, "Pa": 0.6, "Pd": 0.4, "Pc": 0.0, "Dh": -48.866666666666674, "Dsoc": 2.799999999999997}