{"start": "19-25-34", "end": "19-27-33", "Vmax": 69.0, "Vm": 58.08333333333332, "Pi": 0.0, "Vmr": 58.08333333333332, "Aa": 0.5944444444444446, "Ad": -0.36666666666666664, "Vsd": 5.472527090333597, "Amax": 1.7333333333333343, "Amin": -0.7333333333333343, "Pa": 0.5, "Pd": 0.5, "Pc": 0.0, "Dh": 201.80000000000018, "Dsoc": 0.20000000000000284}