{"start": "10-01-47", "end": "10-03-46", "Vmax": 61.0, "Vm": 54.16666666666666, "Pi": 0.0, "Vmr": 54.16666666666666, "Aa": 0.40564971751412426, "Ad": -0.3245901639344262, "Vsd": 4.327533287113313, "Amax": 0.8000000000000043, "Amin": -0.7999999999999972, "Pa": 0.49166666666666664, "Pd": 0.5083333333333333, "Pc": 0.0, "Dh": 220.0666666666666, "Dsoc": 1.0}