{"start": "18-53-34", "end": "18-55-33", "Vmax": 77.0, "Vm": 59.718333333333334, "Pi": 0.0, "Vmr": 59.718333333333334, "Aa": 0.2817204301075269, "Ad": -0.6713178294573644, "Vsd": 7.647199556989852, "Amax": 0.7333333333333343, "Amin": -1.3333333333333428, "Pa": 0.5166666666666667, "Pd": 0.35833333333333334, "Pc": 0.125, "Dh": 100.9333333333334, "Dsoc": 1.0}