{"start": "19-11-34", "end": "19-13-33", "Vmax": 61.0, "Vm": 54.701666666666675, "Pi": 0.0, "Vmr": 54.701666666666675, "Aa": 0.4666666666666667, "Ad": -0.42539682539682533, "Vsd": 3.635348424832844, "Amax": 0.8000000000000043, "Amin": -0.7333333333333343, "Pa": 0.475, "Pd": 0.525, "Pc": 0.0, "Dh": 155.19999999999982, "Dsoc": 1.0}