{"start": "10-17-47", "end": "10-19-46", "Vmax": 70.0, "Vm": 61.13222222222223, "Pi": 0.0, "Vmr": 61.13222222222223, "Aa": 0.5347222222222222, "Ad": -0.424561403508772, "Vsd": 3.924618683168961, "Amax": 0.9333333333333371, "Amin": -0.6666666666666714, "Pa": 0.4, "Pd": 0.475, "Pc": 0.125, "Dh": -234.0, "Dsoc": 1.0}