{"start": "11-07-50", "end": "11-09-49", "Vmax": 85.0, "Vm": 68.92166666666667, "Pi": 0.0, "Vmr": 68.92166666666667, "Aa": 0.6853333333333332, "Ad": -0.6, "Vsd": 8.935810779426467, "Amax": 1.13333333333334, "Amin": -0.7333333333333343, "Pa": 0.625, "Pd": 0.375, "Pc": 0.0, "Dh": -487.7333333333336, "Dsoc": 2.866666666666667}