{"start": "10-15-47", "end": "10-17-46", "Vmax": 64.0, "Vm": 56.48166666666666, "Pi": 0.0, "Vmr": 56.48166666666666, "Aa": 0.36781609195402304, "Ad": -0.33900709219858166, "Vsd": 3.625075677757333, "Amax": 0.7333333333333343, "Amin": -0.7333333333333343, "Pa": 0.48333333333333334, "Pd": 0.39166666666666666, "Pc": 0.125, "Dh": -327.5333333333333, "Dsoc": 0.06666666666666288}