{"start": "19-09-36", "end": "19-11-35", "Vmax": 66.0, "Vm": 56.845, "Pi": 0.0, "Vmr": 56.845, "Aa": 0.6424242424242426, "Ad": -0.5126436781609196, "Vsd": 6.445769825717104, "Amax": 0.8666666666666742, "Amin": -0.8666666666666742, "Pa": 0.275, "Pd": 0.725, "Pc": 0.0, "Dh": 81.73333333333335, "Dsoc": 1.13333333333334}