{"start": "11-41-54", "end": "11-43-53", "Vmax": 41.0, "Vm": 22.53333333333334, "Pi": 0.0, "Vmr": 22.53333333333334, "Aa": 0.5666666666666663, "Ad": -0.7333333333333322, "Vsd": 10.575697525518612, "Amax": 1.3333333333333357, "Amin": -2.06666666666667, "Pa": 0.5, "Pd": 0.5, "Pc": 0.0, "Dh": 13.133333333333326, "Dsoc": 1.0}