{"start": "19-29-34", "end": "19-31-33", "Vmax": 68.4, "Vm": 44.108333333333334, "Pi": 0.0, "Vmr": 44.108333333333334, "Aa": 0.8059405940594059, "Ad": -1.8280701754385966, "Vsd": 14.90587727724521, "Amax": 1.8000000000000043, "Amin": -1.9333333333333336, "Pa": 0.8416666666666667, "Pd": 0.15833333333333333, "Pc": 0.0, "Dh": -289.66666666666697, "Dsoc": 1.2000000000000028}