{"start": "20-58-57", "end": "21-00-56", "Vmax": 44.0, "Vm": 27.293333333333337, "Pi": 0.0, "Vmr": 27.293333333333337, "Aa": 0.8622222222222221, "Ad": -0.5466666666666664, "Vsd": 11.444253386491829, "Amax": 1.9333333333333371, "Amin": -1.4666666666666686, "Pa": 0.375, "Pd": 0.625, "Pc": 0.0, "Dh": -190.53333333333342, "Dsoc": 1.8666666666666671}