{"start": "19-27-34", "end": "19-29-33", "Vmax": 72.0, "Vm": 53.541666666666664, "Pi": 0.0, "Vmr": 53.541666666666664, "Aa": 0.3901960784313725, "Ad": -0.6891472868217055, "Vsd": 10.32801548353787, "Amax": 1.066666666666677, "Amin": -1.9333333333333371, "Pa": 0.2833333333333333, "Pd": 0.7166666666666667, "Pc": 0.0, "Dh": 254.39999999999964, "Dsoc": 1.7333333333333343}