{"start": "11-13-50", "end": "11-15-49", "Vmax": 0.0, "Vm": 0.0, "Pi": 1.0, "Vmr": 0, "Aa": 0, "Ad": 0, "Vsd": 0.0, "Amax": 0.0, "Amin": 0.0, "Pa": 0.0, "Pd": 0.0, "Pc": 1.0, "Dh": -48.59999999999991, "Dsoc": 3.93333333333333}