{"start": "19-23-34", "end": "19-25-33", "Vmax": 63.0, "Vm": 48.923333333333325, "Pi": 0.0, "Vmr": 48.923333333333325, "Aa": 0.9119047619047619, "Ad": -0.9442176870748299, "Vsd": 8.511016204037968, "Amax": 1.7333333333333343, "Amin": -1.6000000000000085, "Pa": 0.4666666666666667, "Pd": 0.4083333333333333, "Pc": 0.125, "Dh": 201.8666666666668, "Dsoc": 0.7333333333333343}