{"start": "09-51-47", "end": "09-53-46", "Vmax": 82.4, "Vm": 68.40000000000002, "Pi": 0.0, "Vmr": 68.40000000000002, "Aa": 0.6736842105263159, "Ad": -0.4190476190476191, "Vsd": 5.351474748091263, "Amax": 1.2000000000000028, "Amin": -0.6666666666666714, "Pa": 0.475, "Pd": 0.525, "Pc": 0.0, "Dh": 159.53333333333353, "Dsoc": 1.0}