{"start": "10-07-47", "end": "10-09-46", "Vmax": 68.0, "Vm": 61.01833333333333, "Pi": 0.0, "Vmr": 61.01833333333333, "Aa": 0.336, "Ad": -0.5333333333333333, "Vsd": 4.007974893271917, "Amax": 1.0, "Amin": -1.066666666666677, "Pa": 0.625, "Pd": 0.375, "Pc": 0.0, "Dh": -324.86666666666633, "Dsoc": 1.0}