{"start": "18-55-34", "end": "18-57-33", "Vmax": 68.73333333333333, "Vm": 55.61, "Pi": 0.0, "Vmr": 55.61, "Aa": 0.34022988505747126, "Ad": -0.2156028368794326, "Vsd": 3.6086073055045493, "Amax": 1.13333333333334, "Amin": -0.3333333333333357, "Pa": 0.48333333333333334, "Pd": 0.39166666666666666, "Pc": 0.125, "Dh": 23.133333333333326, "Dsoc": 1.0}