{"start": "20-11-36", "end": "20-13-35", "Vmax": 65.0, "Vm": 50.583333333333336, "Pi": 0.0, "Vmr": 50.583333333333336, "Aa": 0.3058823529411765, "Ad": -0.7710144927536231, "Vsd": 12.696195126163035, "Amax": 0.6666666666666714, "Amin": -1.7333333333333343, "Pa": 0.425, "Pd": 0.575, "Pc": 0.0, "Dh": -86.26666666666642, "Dsoc": 1.0}