{"start": "19-13-36", "end": "19-15-35", "Vmax": 70.0, "Vm": 64.97611111111111, "Pi": 0.0, "Vmr": 64.97611111111111, "Aa": 0, "Ad": -0.16467236467236465, "Vsd": 4.028324869535587, "Amax": 0.0, "Amin": -0.8666666666666742, "Pa": 0.0, "Pd": 0.975, "Pc": 0.025, "Dh": 256.26666666666665, "Dsoc": 1.0}