{"start": "10-21-47", "end": "10-23-46", "Vmax": 65.13333333333334, "Vm": 17.613333333333333, "Pi": 0.13333333333333333, "Vmr": 20.323076923076922, "Aa": 0.9428571428571428, "Ad": -1.3583333333333334, "Vsd": 19.397058311724983, "Amax": 1.4000000000000021, "Amin": -2.3333333333333357, "Pa": 0.35, "Pd": 0.4, "Pc": 0.25, "Dh": 28.799999999999955, "Dsoc": 1.0}