{"start": "10-15-47", "end": "10-17-46", "Vmax": 66.0, "Vm": 59.06388888888888, "Pi": 0.0, "Vmr": 59.06388888888888, "Aa": 0.24, "Ad": -0.20740740740740746, "Vsd": 5.069433092859142, "Amax": 0.4000000000000057, "Amin": -0.4000000000000057, "Pa": 0.625, "Pd": 0.375, "Pc": 0.0, "Dh": -302.9333333333334, "Dsoc": 1.0}