{"start": "09-33-47", "end": "09-35-46", "Vmax": 79.0, "Vm": 70.97222222222221, "Pi": 0.0, "Vmr": 70.97222222222221, "Aa": 0.2695035460992909, "Ad": -0.3333333333333333, "Vsd": 3.7658307823747847, "Amax": 0.46666666666666856, "Amin": -0.4000000000000057, "Pa": 0.39166666666666666, "Pd": 0.5, "Pc": 0.10833333333333334, "Dh": 98.33333333333326, "Dsoc": 1.0666666666666629}