{"start": "21-03-10", "end": "21-05-09", "Vmax": 9.0, "Vm": 2.2516666666666674, "Pi": 0.525, "Vmr": 4.740350877192984, "Aa": 0.23333333333333325, "Ad": -0.4666666666666667, "Vsd": 2.922432795699185, "Amax": 0.40000000000000036, "Amin": -0.4666666666666668, "Pa": 0.35, "Pd": 0.125, "Pc": 0.525, "Dh": -78.86666666666679, "Dsoc": 1.1333333333333329}