{"start": "11-21-54", "end": "11-23-53", "Vmax": 67.0, "Vm": 50.68666666666666, "Pi": 0.0, "Vmr": 50.68666666666666, "Aa": 0.44, "Ad": -0.49777777777777793, "Vsd": 10.190728654690925, "Amax": 0.6666666666666714, "Amin": -1.06666666666667, "Pa": 0.625, "Pd": 0.375, "Pc": 0.0, "Dh": -131.79999999999995, "Dsoc": 0.7999999999999972}