{"start": "09-23-47", "end": "09-25-46", "Vmax": 59.0, "Vm": 30.477777777777778, "Pi": 0.0, "Vmr": 30.477777777777778, "Aa": 1.1333333333333333, "Ad": -0.5777777777777778, "Vsd": 13.378546125076168, "Amax": 2.6000000000000085, "Amin": -0.9333333333333371, "Pa": 0.5, "Pd": 0.5, "Pc": 0.0, "Dh": -19.26666666666665, "Dsoc": 0.86666666666666}