{"start": "20-07-36", "end": "20-09-35", "Vmax": 60.0, "Vm": 52.04166666666666, "Pi": 0.0, "Vmr": 52.04166666666666, "Aa": 0.28, "Ad": -0.8977777777777778, "Vsd": 5.92403868660653, "Amax": 0.6666666666666714, "Amin": -1.13333333333334, "Pa": 0.625, "Pd": 0.375, "Pc": 0.0, "Dh": -180.5999999999999, "Dsoc": 0.9333333333333371}