{"start": "20-01-36", "end": "20-03-35", "Vmax": 60.0, "Vm": 52.761111111111106, "Pi": 0.0, "Vmr": 52.761111111111106, "Aa": 0.2, "Ad": -0.5095238095238095, "Vsd": 7.37874699741017, "Amax": 0.4000000000000057, "Amin": -1.2666666666666728, "Pa": 0.4166666666666667, "Pd": 0.5833333333333334, "Pc": 0.0, "Dh": 273.2000000000003, "Dsoc": 1.0}