{"start": "10-55-54", "end": "10-57-53", "Vmax": 73.0, "Vm": 65.50833333333334, "Pi": 0.0, "Vmr": 65.50833333333334, "Aa": 0.4184210526315789, "Ad": -0.5666666666666667, "Vsd": 4.618754141821766, "Amax": 1.7999999999999972, "Amin": -1.066666666666677, "Pa": 0.6333333333333333, "Pd": 0.25, "Pc": 0.11666666666666667, "Dh": 298.1999999999998, "Dsoc": 1.93333333333333}