{"start": "11-23-54", "end": "11-25-53", "Vmax": 68.0, "Vm": 55.63333333333332, "Pi": 0.0, "Vmr": 55.63333333333332, "Aa": 0.3540229885057471, "Ad": -0.5999999999999999, "Vsd": 5.202599364682338, "Amax": 0.8000000000000114, "Amin": -0.8000000000000114, "Pa": 0.725, "Pd": 0.275, "Pc": 0.0, "Dh": -43.333333333333485, "Dsoc": 0.13333333333333286}