{"start": "19-27-36", "end": "19-29-35", "Vmax": 68.0, "Vm": 51.373333333333335, "Pi": 0.0, "Vmr": 51.373333333333335, "Aa": 0.32727272727272716, "Ad": -0.6735632183908047, "Vsd": 11.301994568769398, "Amax": 0.3333333333333357, "Amin": -1.4666666666666686, "Pa": 0.275, "Pd": 0.725, "Pc": 0.0, "Dh": 240.4000000000001, "Dsoc": 1.13333333333334}