{"start": "19-49-36", "end": "19-51-35", "Vmax": 69.0, "Vm": 55.38611111111111, "Pi": 0.0, "Vmr": 55.38611111111111, "Aa": 0.44791666666666663, "Ad": -0.5833333333333333, "Vsd": 6.128591415813726, "Amax": 0.6666666666666714, "Amin": -1.4666666666666686, "Pa": 0.5333333333333333, "Pd": 0.4666666666666667, "Pc": 0.0, "Dh": 178.73333333333358, "Dsoc": 1.0}