{"start": "11-43-54", "end": "11-45-53", "Vmax": 41.0, "Vm": 18.883888888888887, "Pi": 0.008333333333333333, "Vmr": 19.042577030812325, "Aa": 0.6229508196721315, "Ad": -0.722033898305085, "Vsd": 12.11375335023437, "Amax": 0.8000000000000043, "Amin": -1.4000000000000057, "Pa": 0.5083333333333333, "Pd": 0.49166666666666664, "Pc": 0.0, "Dh": 127.53333333333342, "Dsoc": 3.666666666666668}