{"start": "11-29-54", "end": "11-31-53", "Vmax": 73.0, "Vm": 65.53166666666667, "Pi": 0.0, "Vmr": 65.53166666666667, "Aa": 0.38333333333333336, "Ad": -0.30208333333333326, "Vsd": 3.763537903846345, "Amax": 0.5333333333333456, "Amin": -0.6666666666666714, "Pa": 0.4666666666666667, "Pd": 0.5333333333333333, "Pc": 0.0, "Dh": -301.20000000000005, "Dsoc": 2.0}