{"start": "11-31-50", "end": "11-33-49", "Vmax": 67.0, "Vm": 61.861666666666665, "Pi": 0.0, "Vmr": 61.861666666666665, "Aa": 0.35251141552511417, "Ad": -0.5645390070921985, "Vsd": 3.8953170428878465, "Amax": 1.13333333333334, "Amin": -1.06666666666667, "Pa": 0.6083333333333333, "Pd": 0.39166666666666666, "Pc": 0.0, "Dh": -141.19999999999993, "Dsoc": 1.0}