{"start": "19-17-34", "end": "19-19-33", "Vmax": 70.0, "Vm": 57.279999999999994, "Pi": 0.0, "Vmr": 57.279999999999994, "Aa": 0.4000000000000001, "Ad": -0.5666666666666667, "Vsd": 11.017943433221363, "Amax": 0.8000000000000043, "Amin": -2.0, "Pa": 0.4, "Pd": 0.6, "Pc": 0.0, "Dh": 443.3333333333335, "Dsoc": 1.0}