{"start": "20-53-10", "end": "20-55-09", "Vmax": 60.0, "Vm": 54.906666666666666, "Pi": 0.0, "Vmr": 54.906666666666666, "Aa": 0.24761904761904766, "Ad": -0.18245614035087718, "Vsd": 3.8649701677709114, "Amax": 0.46666666666666856, "Amin": -0.3333333333333357, "Pa": 0.525, "Pd": 0.475, "Pc": 0.0, "Dh": -64.26666666666665, "Dsoc": 1.0}