{"start": "09-41-47", "end": "09-43-46", "Vmax": 71.0, "Vm": 60.25055555555556, "Pi": 0.0, "Vmr": 60.25055555555556, "Aa": 0.5081481481481481, "Ad": -0.5, "Vsd": 7.734086681326585, "Amax": 0.9333333333333371, "Amin": -1.2000000000000028, "Pa": 0.375, "Pd": 0.5, "Pc": 0.125, "Dh": -40.13333333333321, "Dsoc": 1.7999999999999972}