{"start": "20-15-36", "end": "20-17-35", "Vmax": 60.0, "Vm": 54.17499999999999, "Pi": 0.0, "Vmr": 54.17499999999999, "Aa": 0.4, "Ad": -0.4099999999999999, "Vsd": 3.5061004591290783, "Amax": 0.6666666666666714, "Amin": -0.6666666666666714, "Pa": 0.5, "Pd": 0.5, "Pc": 0.0, "Dh": -230.4666666666667, "Dsoc": 1.3333333333333357}