{"start": "19-47-34", "end": "19-49-33", "Vmax": 70.0, "Vm": 58.06166666666666, "Pi": 0.0, "Vmr": 58.06166666666666, "Aa": 0.6444444444444445, "Ad": -0.634375, "Vsd": 6.860913324963452, "Amax": 0.9333333333333371, "Amin": -1.2000000000000028, "Pa": 0.375, "Pd": 0.5333333333333333, "Pc": 0.09166666666666666, "Dh": 291.86666666666656, "Dsoc": 1.0}