{"start": "19-07-34", "end": "19-09-33", "Vmax": 70.0, "Vm": 54.325, "Pi": 0.0, "Vmr": 54.325, "Aa": 0.4194444444444445, "Ad": -0.6291666666666668, "Vsd": 8.104391554273892, "Amax": 0.7333333333333343, "Amin": -1.06666666666667, "Pa": 0.6, "Pd": 0.4, "Pc": 0.0, "Dh": 35.73333333333335, "Dsoc": 1.0}