{"start": "19-21-34", "end": "19-23-33", "Vmax": 76.0, "Vm": 62.42999999999999, "Pi": 0.0, "Vmr": 62.42999999999999, "Aa": 0.4666666666666667, "Ad": -0.5666666666666667, "Vsd": 6.5972115887672915, "Amax": 0.6000000000000014, "Amin": -1.06666666666667, "Pa": 0.5, "Pd": 0.4666666666666667, "Pc": 0.03333333333333333, "Dh": 147.48750000000018, "Dsoc": 2.0}