{"start": "20-56-57", "end": "20-58-56", "Vmax": 62.0, "Vm": 49.566666666666656, "Pi": 0.0, "Vmr": 49.566666666666656, "Aa": 0.8, "Ad": -0.7833333333333332, "Vsd": 12.963728757781153, "Amax": 1.9333333333333371, "Amin": -1.8666666666666671, "Pa": 0.375, "Pd": 0.5, "Pc": 0.125, "Dh": 71.0, "Dsoc": 0.20000000000000284}