{"start": "20-15-34", "end": "20-17-33", "Vmax": 61.0, "Vm": 52.441666666666656, "Pi": 0.0, "Vmr": 52.441666666666656, "Aa": 0.22133333333333335, "Ad": -0.4, "Vsd": 3.894155763831041, "Amax": 0.46666666666666856, "Amin": -0.46666666666666856, "Pa": 0.625, "Pd": 0.375, "Pc": 0.0, "Dh": -233.86666666666633, "Dsoc": 1.0}