{"start": "09-55-47", "end": "09-57-46", "Vmax": 63.0, "Vm": 50.71000000000001, "Pi": 0.0, "Vmr": 50.71000000000001, "Aa": 0.8222222222222222, "Ad": -0.6293333333333334, "Vsd": 6.84298846482918, "Amax": 2.266666666666673, "Amin": -1.8000000000000043, "Pa": 0.375, "Pd": 0.625, "Pc": 0.0, "Dh": -51.066666666666606, "Dsoc": 2.0}