{"start": "20-46-57", "end": "20-48-56", "Vmax": 59.06666666666666, "Vm": 50.79944444444445, "Pi": 0.0, "Vmr": 50.79944444444445, "Aa": 0.6173515981735159, "Ad": -0.27517730496453896, "Vsd": 9.33861193600949, "Amax": 1.13333333333334, "Amin": -2.4666666666666686, "Pa": 0.6083333333333333, "Pd": 0.39166666666666666, "Pc": 0.0, "Dh": -106.26666666666665, "Dsoc": 0.13333333333333286}