{"start": "10-57-50", "end": "10-59-49", "Vmax": 80.0, "Vm": 68.0061111111111, "Pi": 0.0, "Vmr": 68.0061111111111, "Aa": 0.47291666666666643, "Ad": -0.5409090909090909, "Vsd": 9.905748157552086, "Amax": 1.0666666666666629, "Amin": -1.2000000000000028, "Pa": 0.26666666666666666, "Pd": 0.7333333333333333, "Pc": 0.0, "Dh": 375.5333333333333, "Dsoc": 2.0}