{"start": "19-53-36", "end": "19-55-35", "Vmax": 56.0, "Vm": 49.75833333333333, "Pi": 0.0, "Vmr": 49.75833333333333, "Aa": 0.3095238095238095, "Ad": -0.2761904761904761, "Vsd": 5.206790527798629, "Amax": 0.8000000000000043, "Amin": -0.3333333333333357, "Pa": 0.5833333333333334, "Pd": 0.2916666666666667, "Pc": 0.125, "Dh": 159.66666666666652, "Dsoc": 2.0}