{"start": "09-53-47", "end": "09-55-46", "Vmax": 85.0, "Vm": 62.265, "Pi": 0.0, "Vmr": 62.265, "Aa": 0.42916666666666653, "Ad": -0.8140350877192982, "Vsd": 6.180082839484796, "Amax": 0.8666666666666742, "Amin": -2.200000000000003, "Pa": 0.4, "Pd": 0.475, "Pc": 0.125, "Dh": 505.60000000000036, "Dsoc": 2.0}