{"start": "09-37-47", "end": "09-39-46", "Vmax": 73.0, "Vm": 64.2988888888889, "Pi": 0.0, "Vmr": 64.2988888888889, "Aa": 0.4950354609929078, "Ad": -0.36666666666666664, "Vsd": 6.165177249663101, "Amax": 1.13333333333334, "Amin": -0.5333333333333456, "Pa": 0.39166666666666666, "Pd": 0.5, "Pc": 0.10833333333333334, "Dh": 277.60000000000014, "Dsoc": 2.0}