{"start": "19-51-34", "end": "19-53-33", "Vmax": 54.0, "Vm": 48.70777777777778, "Pi": 0.0, "Vmr": 48.70777777777778, "Aa": 0.35555555555555557, "Ad": -0.19887005649717515, "Vsd": 2.6934811970024337, "Amax": 0.6000000000000014, "Amin": -0.2666666666666728, "Pa": 0.375, "Pd": 0.49166666666666664, "Pc": 0.13333333333333333, "Dh": 419.6666666666665, "Dsoc": 2.0}