{"start": "20-41-10", "end": "20-43-09", "Vmax": 64.0, "Vm": 48.974444444444444, "Pi": 0.0, "Vmr": 48.974444444444444, "Aa": 0.7053030303030302, "Ad": -0.5916666666666666, "Vsd": 11.088410293005001, "Amax": 2.0, "Amin": -2.4666666666666686, "Pa": 0.7333333333333333, "Pd": 0.26666666666666666, "Pc": 0.0, "Dh": 239.8666666666668, "Dsoc": 0.06666666666666998}