{"start": "10-51-54", "end": "10-53-53", "Vmax": 71.0, "Vm": 60.41666666666666, "Pi": 0.0, "Vmr": 60.41666666666666, "Aa": 0.7333333333333333, "Ad": -0.46885245901639344, "Vsd": 5.066550566265266, "Amax": 1.13333333333334, "Amin": -0.8666666666666742, "Pa": 0.375, "Pd": 0.5083333333333333, "Pc": 0.11666666666666667, "Dh": 29.333333333333485, "Dsoc": 2.0}