{"start": "19-41-34", "end": "19-43-33", "Vmax": 61.0, "Vm": 54.55797244094489, "Pi": 0.0, "Vmr": 54.55797244094489, "Aa": 0.37616320687186827, "Ad": -0.2153846153846154, "Vsd": 5.0263533071747135, "Amax": 1.06666666666667, "Amin": -1.0, "Pa": 0.4583333333333333, "Pd": 0.5416666666666666, "Pc": 0.0, "Dh": -109.64225721784806, "Dsoc": 1.2666666666666657}