{"start": "09-33-47", "end": "09-35-46", "Vmax": 76.0, "Vm": 70.06666666666666, "Pi": 0.0, "Vmr": 70.06666666666666, "Aa": 0.4, "Ad": -0.38333333333333336, "Vsd": 3.733563418280093, "Amax": 0.5333333333333456, "Amin": -0.7333333333333343, "Pa": 0.5, "Pd": 0.5, "Pc": 0.0, "Dh": 100.59999999999991, "Dsoc": 1.0}