{"start": "19-09-34", "end": "19-11-33", "Vmax": 75.0, "Vm": 62.43666666666665, "Pi": 0.0, "Vmr": 62.43666666666665, "Aa": 0.8916666666666666, "Ad": -0.48888888888888893, "Vsd": 6.426025805767969, "Amax": 1.5333333333333456, "Amin": -0.7333333333333343, "Pa": 0.4, "Pd": 0.6, "Pc": 0.0, "Dh": 158.5999999999999, "Dsoc": 1.0}