{"start": "09-35-47", "end": "09-37-46", "Vmax": 75.06666666666666, "Vm": 64.48333333333333, "Pi": 0.0, "Vmr": 64.48333333333333, "Aa": 0.35, "Ad": -0.4166666666666667, "Vsd": 3.388741176312724, "Amax": 0.7333333333333414, "Amin": -0.9333333333333371, "Pa": 0.5, "Pd": 0.5, "Pc": 0.0, "Dh": 358.13333333333344, "Dsoc": 1.0}