{"start": "19-03-34", "end": "19-05-33", "Vmax": 63.0, "Vm": 53.16555555555556, "Pi": 0.0, "Vmr": 53.16555555555556, "Aa": 0.6924731182795699, "Ad": -0.5114942528735632, "Vsd": 6.079596424596231, "Amax": 1.4666666666666686, "Amin": -0.7333333333333343, "Pa": 0.5166666666666667, "Pd": 0.48333333333333334, "Pc": 0.0, "Dh": -126.59999999999991, "Dsoc": 2.0}