{"start": "11-09-50", "end": "11-11-49", "Vmax": 85.0, "Vm": 80.28566343042074, "Pi": 0.0, "Vmr": 80.28566343042074, "Aa": 0.8000000000000003, "Ad": -0.07605177993527508, "Vsd": 3.261520149371883, "Amax": 1.13333333333334, "Amin": -0.07766990291263198, "Pa": 0.15, "Pd": 0.85, "Pc": 0.0, "Dh": -281.9035598705502, "Dsoc": 0.8446601941747574}