{"start": "11-27-54", "end": "11-29-53", "Vmax": 68.0, "Vm": 57.66416666666666, "Pi": 0.0, "Vmr": 57.66416666666666, "Aa": 0.7306122448979592, "Ad": -0.375586854460094, "Vsd": 5.217405778982344, "Amax": 0.8666666666666742, "Amin": -0.7333333333333343, "Pa": 0.4083333333333333, "Pd": 0.5916666666666667, "Pc": 0.0, "Dh": -194.13333333333344, "Dsoc": 2.0}