{"start": "19-13-34", "end": "19-15-33", "Vmax": 66.0, "Vm": 58.63666666666668, "Pi": 0.0, "Vmr": 58.63666666666668, "Aa": 0.1846153846153846, "Ad": -0.585185185185185, "Vsd": 3.315615094475718, "Amax": 0.8000000000000043, "Amin": -0.7333333333333343, "Pa": 0.65, "Pd": 0.225, "Pc": 0.125, "Dh": 173.73333333333335, "Dsoc": 1.0}