{"start": "20-44-57", "end": "20-46-56", "Vmax": 65.0, "Vm": 57.958888888888886, "Pi": 0.0, "Vmr": 57.958888888888886, "Aa": 0.35555555555555557, "Ad": -0.6688888888888889, "Vsd": 7.21033692733318, "Amax": 0.6000000000000014, "Amin": -2.4666666666666686, "Pa": 0.375, "Pd": 0.5, "Pc": 0.125, "Dh": -316.8666666666668, "Dsoc": 2.06666666666667}