{"start": "11-15-54", "end": "11-17-53", "Vmax": 0.0, "Vm": 0.0, "Pi": 1.0, "Vmr": 0, "Aa": 0, "Ad": 0, "Vsd": 0.0, "Amax": 0.0, "Amin": 0.0, "Pa": 0.0, "Pd": 0.0, "Pc": 1.0, "Dh": 20.133333333333212, "Dsoc": 4.133333333333333}