{"start": "10-51-50", "end": "10-53-49", "Vmax": 81.0, "Vm": 62.93333333333333, "Pi": 0.0, "Vmr": 62.93333333333333, "Aa": 1.027956989247312, "Ad": -1.047126436781609, "Vsd": 13.379346375306932, "Amax": 2.0, "Amin": -2.933333333333337, "Pa": 0.5166666666666667, "Pd": 0.48333333333333334, "Pc": 0.0, "Dh": 83.86666666666679, "Dsoc": 1.8666666666666671}