{"start": "10-13-47", "end": "10-15-46", "Vmax": 57.2, "Vm": 46.94444444444444, "Pi": 0.0, "Vmr": 46.94444444444444, "Aa": 0.35, "Ad": -0.4611111111111111, "Vsd": 4.742783270698405, "Amax": 0.8000000000000043, "Amin": -0.8000000000000043, "Pa": 0.5, "Pd": 0.5, "Pc": 0.0, "Dh": -76.4666666666667, "Dsoc": 1.0}