{"start": "11-01-54", "end": "11-03-53", "Vmax": 86.0, "Vm": 75.51777777777778, "Pi": 0.0, "Vmr": 75.51777777777778, "Aa": 0.7505376344086021, "Ad": -0.893103448275862, "Vsd": 6.866151204896597, "Amax": 1.13333333333334, "Amin": -1.5333333333333456, "Pa": 0.5166666666666667, "Pd": 0.48333333333333334, "Pc": 0.0, "Dh": -336.2666666666664, "Dsoc": 3.0}