{"start": "10-29-47", "end": "10-31-46", "Vmax": 69.0, "Vm": 50.62666666666666, "Pi": 0.0, "Vmr": 50.62666666666666, "Aa": 0.8133333333333334, "Ad": -1.3511111111111114, "Vsd": 13.151168483940781, "Amax": 1.2666666666666728, "Amin": -1.8666666666666742, "Pa": 0.625, "Pd": 0.375, "Pc": 0.0, "Dh": -164.26666666666688, "Dsoc": 2.066666666666663}