{"start": "20-37-10", "end": "20-39-09", "Vmax": 56.0, "Vm": 49.149861111111115, "Pi": 0.0, "Vmr": 49.149861111111115, "Aa": 0.7, "Ad": -0.23955555555555558, "Vsd": 3.310096525706265, "Amax": 0.9333333333333371, "Amin": -0.4000000000000057, "Pa": 0.25, "Pd": 0.625, "Pc": 0.125, "Dh": -7.8875000000000455, "Dsoc": 1.0}