{"start": "20-09-34", "end": "20-11-33", "Vmax": 72.0, "Vm": 56.983333333333334, "Pi": 0.0, "Vmr": 56.983333333333334, "Aa": 0.9333333333333333, "Ad": -0.5137254901960785, "Vsd": 12.286332579495326, "Amax": 1.2666666666666728, "Amin": -1.5333333333333385, "Pa": 0.375, "Pd": 0.425, "Pc": 0.2, "Dh": -95.33333333333348, "Dsoc": 1.0}