{"start": "10-03-47", "end": "10-05-46", "Vmax": 67.0, "Vm": 56.241388888888885, "Pi": 0.0, "Vmr": 56.241388888888885, "Aa": 0.873758865248227, "Ad": -0.6292237442922375, "Vsd": 7.1954670907604905, "Amax": 1.6000000000000085, "Amin": -1.5333333333333385, "Pa": 0.39166666666666666, "Pd": 0.6083333333333333, "Pc": 0.0, "Dh": 241.73333333333312, "Dsoc": 1.0}