{"start": "19-19-34", "end": "19-21-33", "Vmax": 60.0, "Vm": 45.87666666666667, "Pi": 0.0, "Vmr": 45.87666666666667, "Aa": 0.48, "Ad": -0.4606060606060607, "Vsd": 7.710686679902786, "Amax": 0.8000000000000043, "Amin": -0.7333333333333343, "Pa": 0.625, "Pd": 0.275, "Pc": 0.1, "Dh": -45.7833333333333, "Dsoc": 1.0}