{"start": "20-42-57", "end": "20-44-56", "Vmax": 59.0, "Vm": 54.59555555555554, "Pi": 0.0, "Vmr": 54.59555555555554, "Aa": 0.17777777777777778, "Ad": -0.25747126436781614, "Vsd": 2.447350110748642, "Amax": 0.2666666666666728, "Amin": -0.5333333333333385, "Pa": 0.375, "Pd": 0.48333333333333334, "Pc": 0.14166666666666666, "Dh": -170.33333333333348, "Dsoc": 0.8666666666666671}