{"start": "19-15-36", "end": "19-17-35", "Vmax": 66.0, "Vm": 55.77944444444445, "Pi": 0.0, "Vmr": 55.77944444444445, "Aa": 0.55, "Ad": -0.6011111111111112, "Vsd": 8.327730534819583, "Amax": 1.13333333333334, "Amin": -1.7333333333333343, "Pa": 0.5, "Pd": 0.5, "Pc": 0.0, "Dh": 174.73333333333358, "Dsoc": 2.0}