{"start": "10-49-54", "end": "10-51-53", "Vmax": 78.0, "Vm": 62.75833333333335, "Pi": 0.0, "Vmr": 62.75833333333335, "Aa": 0.3596491228070175, "Ad": -0.9863636363636363, "Vsd": 5.334307071473588, "Amax": 0.8000000000000043, "Amin": -1.8666666666666742, "Pa": 0.6333333333333333, "Pd": 0.36666666666666664, "Pc": 0.0, "Dh": 515.2666666666664, "Dsoc": 1.0}