{"start": "20-54-57", "end": "20-56-56", "Vmax": 57.4, "Vm": 38.94500000000001, "Pi": 0.0, "Vmr": 38.94500000000001, "Aa": 0.5861111111111111, "Ad": -1.0541666666666665, "Vsd": 9.12977976832486, "Amax": 0.9333333333333371, "Amin": -1.4000000000000057, "Pa": 0.6, "Pd": 0.4, "Pc": 0.0, "Dh": -48.866666666666674, "Dsoc": 1.0}