{"start": "09-37-47", "end": "09-39-46", "Vmax": 79.0, "Vm": 67.86666666666666, "Pi": 0.0, "Vmr": 67.86666666666666, "Aa": 0.7333333333333333, "Ad": -0.4666666666666667, "Vsd": 7.189628384174039, "Amax": 1.2000000000000028, "Amin": -1.13333333333334, "Pa": 0.375, "Pd": 0.625, "Pc": 0.0, "Dh": 110.4666666666667, "Dsoc": 2.0}