{"start": "19-39-36", "end": "19-41-35", "Vmax": 64.0, "Vm": 55.52333333333334, "Pi": 0.0, "Vmr": 55.52333333333334, "Aa": 0.41955555555555557, "Ad": -0.5333333333333333, "Vsd": 4.165544050448611, "Amax": 0.8000000000000043, "Amin": -0.6666666666666714, "Pa": 0.625, "Pd": 0.375, "Pc": 0.0, "Dh": -443.7999999999997, "Dsoc": 1.0}