{"start": "20-59-10", "end": "21-01-09", "Vmax": 39.0, "Vm": 25.441666666666666, "Pi": 0.0, "Vmr": 25.441666666666666, "Aa": 0.8303030303030302, "Ad": -0.37241379310344824, "Vsd": 9.525312731509306, "Amax": 1.4666666666666686, "Amin": -1.06666666666667, "Pa": 0.275, "Pd": 0.725, "Pc": 0.0, "Dh": -216.19999999999993, "Dsoc": 1.7999999999999972}