{"start": "10-19-47", "end": "10-21-46", "Vmax": 69.0, "Vm": 60.42964285714286, "Pi": 0.0, "Vmr": 60.42964285714286, "Aa": 0.31666666666666665, "Ad": -0.2004421768707483, "Vsd": 5.582326775379791, "Amax": 0.6666666666666714, "Amin": -1.6000000000000085, "Pa": 0.5, "Pd": 0.5, "Pc": 0.0, "Dh": -270.4000000000001, "Dsoc": 1.0}