{"start": "19-53-34", "end": "19-55-33", "Vmax": 54.0, "Vm": 51.66388888888889, "Pi": 0.0, "Vmr": 51.66388888888889, "Aa": 0.18181818181818182, "Ad": -0.14666666666666672, "Vsd": 1.4832370744792835, "Amax": 0.3333333333333357, "Amin": -0.2666666666666728, "Pa": 0.4583333333333333, "Pd": 0.4166666666666667, "Pc": 0.125, "Dh": 32.066666666666606, "Dsoc": 1.0}