{"start": "10-33-47", "end": "10-35-46", "Vmax": 61.52601156069364, "Vm": 49.48843930635839, "Pi": 0.0, "Vmr": 49.48843930635839, "Aa": 0, "Ad": -0.20231213872832368, "Vsd": 7.037438723496105, "Amax": -0.20231213872831688, "Amin": -0.2023121387283311, "Pa": 0.0, "Pd": 1.0, "Pc": 0.0, "Dh": -251.75722543352595, "Dsoc": 0.6878612716763115}