{"start": "10-21-47", "end": "10-23-46", "Vmax": 62.2, "Vm": 15.143333333333329, "Pi": 0.14166666666666666, "Vmr": 17.642718446601936, "Aa": 0.8, "Ad": -1.117241379310344, "Vsd": 17.74175712394363, "Amax": 1.2666666666666693, "Amin": -1.8666666666666671, "Pa": 0.39166666666666666, "Pd": 0.48333333333333334, "Pc": 0.125, "Dh": 17.066666666666606, "Dsoc": 1.13333333333334}