{"start": "10-09-47", "end": "10-11-46", "Vmax": 64.0, "Vm": 56.00000000000001, "Pi": 0.0, "Vmr": 56.00000000000001, "Aa": 0.48571428571428565, "Ad": -0.6544600938967137, "Vsd": 4.714916631522083, "Amax": 1.13333333333334, "Amin": -1.13333333333334, "Pa": 0.4083333333333333, "Pd": 0.5916666666666667, "Pc": 0.0, "Dh": -142.80000000000018, "Dsoc": 1.0}