{"start": "10-59-54", "end": "11-01-53", "Vmax": 79.46666666666667, "Vm": 55.06722222222222, "Pi": 0.0, "Vmr": 55.06722222222222, "Aa": 1.1296803652968035, "Ad": -1.1829787234042553, "Vsd": 15.619974513329856, "Amax": 2.06666666666667, "Amin": -1.8666666666666707, "Pa": 0.6083333333333333, "Pd": 0.39166666666666666, "Pc": 0.0, "Dh": -0.3999999999996362, "Dsoc": 2.93333333333333}