{"start": "09-57-47", "end": "09-59-46", "Vmax": 79.0, "Vm": 61.675000000000004, "Pi": 0.0, "Vmr": 61.675000000000004, "Aa": 0.9555555555555556, "Ad": -0.3351351351351351, "Vsd": 10.368347878121922, "Amax": 1.4666666666666686, "Amin": -0.5333333333333385, "Pa": 0.375, "Pd": 0.6166666666666667, "Pc": 0.008333333333333333, "Dh": 180.33333333333348, "Dsoc": 2.0}