{"start": "10-53-50", "end": "10-55-49", "Vmax": 85.0, "Vm": 64.26555555555555, "Pi": 0.0, "Vmr": 64.26555555555555, "Aa": 0.8429223744292237, "Ad": -1.2822695035460994, "Vsd": 16.505250803219756, "Amax": 1.8000000000000043, "Amin": -2.200000000000003, "Pa": 0.6083333333333333, "Pd": 0.39166666666666666, "Pc": 0.0, "Dh": 211.33333333333348, "Dsoc": 1.06666666666667}