{"start": "19-07-36", "end": "19-09-35", "Vmax": 68.0, "Vm": 52.715, "Pi": 0.0, "Vmr": 52.715, "Aa": 0.6266666666666667, "Ad": -0.7333333333333333, "Vsd": 8.954980096799787, "Amax": 0.8000000000000043, "Amin": -1.3333333333333428, "Pa": 0.375, "Pd": 0.375, "Pc": 0.25, "Dh": 65.73333333333335, "Dsoc": 0.7999999999999972}