{"start": "11-03-54", "end": "11-05-53", "Vmax": 76.0, "Vm": 55.22944444444445, "Pi": 0.0, "Vmr": 55.22944444444445, "Aa": 1.209195402298851, "Ad": -1.5838709677419367, "Vsd": 17.701575986500504, "Amax": 2.933333333333337, "Amin": -2.4000000000000057, "Pa": 0.48333333333333334, "Pd": 0.5166666666666667, "Pc": 0.0, "Dh": -100.5333333333333, "Dsoc": 0.8666666666666671}