{"start": "19-39-34", "end": "19-41-33", "Vmax": 61.0, "Vm": 54.333333333333336, "Pi": 0.0, "Vmr": 54.333333333333336, "Aa": 0.3875, "Ad": -0.775, "Vsd": 4.495001892859081, "Amax": 0.8666666666666742, "Amin": -1.06666666666667, "Pa": 0.6666666666666666, "Pd": 0.3333333333333333, "Pc": 0.0, "Dh": -422.39999999999964, "Dsoc": 0.6666666666666714}