{"start": "19-05-34", "end": "19-07-33", "Vmax": 70.0, "Vm": 49.54555555555556, "Pi": 0.0, "Vmr": 49.54555555555556, "Aa": 1.0, "Ad": -1.1209039548022603, "Vsd": 13.951226688455293, "Amax": 1.7333333333333343, "Amin": -1.4666666666666686, "Pa": 0.5083333333333333, "Pd": 0.49166666666666664, "Pc": 0.0, "Dh": 38.933333333333394, "Dsoc": 1.0}