{"start": "10-05-47", "end": "10-07-46", "Vmax": 62.0, "Vm": 45.833333333333336, "Pi": 0.0, "Vmr": 45.833333333333336, "Aa": 0.9154929577464789, "Ad": -1.1564625850340136, "Vsd": 14.988062476742034, "Amax": 1.7333333333333343, "Amin": -2.933333333333337, "Pa": 0.5916666666666667, "Pd": 0.4083333333333333, "Pc": 0.0, "Dh": -132.5333333333333, "Dsoc": 2.0}