{"start": "09-19-47", "end": "09-21-46", "Vmax": 0.0, "Vm": 0.0, "Pi": 1.0, "Vmr": 0, "Aa": 0, "Ad": -1.0666666666666664, "Vsd": 0.0, "Amax": 0.0, "Amin": -1.0666666666666664, "Pa": 0.0, "Pd": 0.008333333333333333, "Pc": 0.9916666666666667, "Dh": -24.466666666666697, "Dsoc": 1.0}