{"start": "21-01-10", "end": "21-03-09", "Vmax": 32.4, "Vm": 7.671666666666667, "Pi": 0.35833333333333334, "Vmr": 11.955844155844156, "Aa": 0.26666666666666666, "Ad": -0.5809523809523811, "Vsd": 10.85683823716355, "Amax": 0.26666666666666705, "Amin": -1.3333333333333357, "Pa": 0.125, "Pd": 0.525, "Pc": 0.35, "Dh": 396.4, "Dsoc": 1.93333333333333}