{"start": "11-03-50", "end": "11-05-49", "Vmax": 89.0, "Vm": 72.48361111111109, "Pi": 0.0, "Vmr": 72.48361111111109, "Aa": 0.8924731182795698, "Ad": -1.0551724137931036, "Vsd": 14.165463902366554, "Amax": 1.8000000000000043, "Amin": -1.9333333333333371, "Pa": 0.5166666666666667, "Pd": 0.48333333333333334, "Pc": 0.0, "Dh": -160.26666666666642, "Dsoc": 1.7999999999999972}