{"start": "20-45-10", "end": "20-47-09", "Vmax": 65.0, "Vm": 57.75111111111111, "Pi": 0.0, "Vmr": 57.75111111111111, "Aa": 0.4222222222222222, "Ad": -0.6333333333333333, "Vsd": 9.35224467963572, "Amax": 0.6000000000000085, "Amin": -1.9333333333333371, "Pa": 0.375, "Pd": 0.5166666666666667, "Pc": 0.10833333333333334, "Dh": -341.33333333333326, "Dsoc": 1.0}