{"start": "10-59-50", "end": "11-01-49", "Vmax": 85.0, "Vm": 64.67277777777778, "Pi": 0.0, "Vmr": 64.67277777777778, "Aa": 0.7066666666666667, "Ad": -0.5881481481481481, "Vsd": 15.910820554154487, "Amax": 1.6666666666666714, "Amin": -1.4666666666666686, "Pa": 0.625, "Pd": 0.375, "Pc": 0.0, "Dh": -309.9333333333334, "Dsoc": 2.866666666666667}