{"start": "19-57-34", "end": "19-59-33", "Vmax": 61.0, "Vm": 49.10555555555553, "Pi": 0.0, "Vmr": 49.10555555555553, "Aa": 0.6428571428571429, "Ad": -0.5266666666666666, "Vsd": 8.444843103273406, "Amax": 1.3333333333333357, "Amin": -1.6666666666666679, "Pa": 0.5833333333333334, "Pd": 0.4166666666666667, "Pc": 0.0, "Dh": 190.26666666666642, "Dsoc": 1.0}