{"start": "20-03-34", "end": "20-05-33", "Vmax": 61.0, "Vm": 43.511111111111106, "Pi": 0.0, "Vmr": 43.511111111111106, "Aa": 0.7764705882352945, "Ad": -1.3333333333333333, "Vsd": 14.324968788140563, "Amax": 1.866666666666669, "Amin": -2.200000000000003, "Pa": 0.7083333333333334, "Pd": 0.2916666666666667, "Pc": 0.0, "Dh": -206.80000000000018, "Dsoc": 2.0}