{"start": "10-31-47", "end": "10-33-46", "Vmax": 76.0, "Vm": 66.33, "Pi": 0.0, "Vmr": 66.33, "Aa": 0.7083333333333334, "Ad": -0.6472222222222221, "Vsd": 5.745130524472933, "Amax": 1.0, "Amin": -1.4666666666666686, "Pa": 0.4, "Pd": 0.6, "Pc": 0.0, "Dh": -277.0, "Dsoc": 1.13333333333334}