{"start": "11-37-50", "end": "11-39-49", "Vmax": 65.0, "Vm": 48.13388888888889, "Pi": 0.0, "Vmr": 48.13388888888889, "Aa": 0.4145833333333333, "Ad": -0.7726027397260273, "Vsd": 11.962673025175091, "Amax": 0.6000000000000014, "Amin": -1.8000000000000043, "Pa": 0.26666666666666666, "Pd": 0.6083333333333333, "Pc": 0.125, "Dh": -49.200000000000045, "Dsoc": 2.0}