{"start": "19-15-34", "end": "19-17-33", "Vmax": 70.0, "Vm": 57.93666666666666, "Pi": 0.0, "Vmr": 57.93666666666666, "Aa": 0.7508771929824561, "Ad": -0.7015873015873016, "Vsd": 6.135907692587255, "Amax": 1.6666666666666714, "Amin": -1.2666666666666728, "Pa": 0.475, "Pd": 0.525, "Pc": 0.0, "Dh": 185.66666666666652, "Dsoc": 1.0}