{"start": "20-47-10", "end": "20-49-09", "Vmax": 61.0, "Vm": 52.327777777777776, "Pi": 0.0, "Vmr": 52.327777777777776, "Aa": 0.37878787878787884, "Ad": -0.3333333333333333, "Vsd": 6.622174126746808, "Amax": 0.7333333333333343, "Amin": -0.3333333333333357, "Pa": 0.7333333333333333, "Pd": 0.25, "Pc": 0.016666666666666666, "Dh": -52.13333333333321, "Dsoc": 1.1333333333333329}