{"start": "11-35-54", "end": "11-37-53", "Vmax": 65.0, "Vm": 58.51166666666668, "Pi": 0.0, "Vmr": 58.51166666666668, "Aa": 0.2, "Ad": -0.33185185185185195, "Vsd": 3.6025529126341316, "Amax": 0.4000000000000057, "Amin": -0.8666666666666671, "Pa": 0.625, "Pd": 0.375, "Pc": 0.0, "Dh": -35.33333333333326, "Dsoc": 0.20000000000000284}