{"start": "10-01-47", "end": "10-03-46", "Vmax": 61.46666666666667, "Vm": 53.16166666666666, "Pi": 0.0, "Vmr": 53.16166666666666, "Aa": 0.27417840375586855, "Ad": -0.2666666666666667, "Vsd": 4.959470940278777, "Amax": 0.46666666666666856, "Amin": -0.4000000000000057, "Pa": 0.5916666666666667, "Pd": 0.4083333333333333, "Pc": 0.0, "Dh": 269.0666666666666, "Dsoc": 1.0}