{"start": "11-29-50", "end": "11-31-49", "Vmax": 72.0, "Vm": 66.64611111111111, "Pi": 0.0, "Vmr": 66.64611111111111, "Aa": 0.2806451612903227, "Ad": -0.42945736434108533, "Vsd": 3.308318416333758, "Amax": 0.5333333333333456, "Amin": -0.6000000000000085, "Pa": 0.5166666666666667, "Pd": 0.35833333333333334, "Pc": 0.125, "Dh": -230.4000000000001, "Dsoc": 0.06666666666666998}