{"start": "19-19-36", "end": "19-21-35", "Vmax": 64.0, "Vm": 46.87777777777778, "Pi": 0.0, "Vmr": 46.87777777777778, "Aa": 0.7152777777777778, "Ad": -0.23333333333333334, "Vsd": 11.870864719720283, "Amax": 1.25, "Amin": -0.5333333333333385, "Pa": 0.4, "Pd": 0.5, "Pc": 0.1, "Dh": 39.93333333333294, "Dsoc": 1.0}