{"start": "19-55-36", "end": "19-57-35", "Vmax": 62.0, "Vm": 53.31388888888889, "Pi": 0.0, "Vmr": 53.31388888888889, "Aa": 0.3866666666666667, "Ad": -0.5095238095238095, "Vsd": 7.161299642796584, "Amax": 1.0, "Amin": -0.8000000000000043, "Pa": 0.4166666666666667, "Pd": 0.5833333333333334, "Pc": 0.0, "Dh": 55.933333333333394, "Dsoc": 0.6666666666666643}