{"start": "20-05-34", "end": "20-07-33", "Vmax": 65.0, "Vm": 60.788020833333334, "Pi": 0.0, "Vmr": 60.788020833333334, "Aa": 0.3384615384615385, "Ad": -0.3931818181818182, "Vsd": 3.2622004247706355, "Amax": 1.0, "Amin": -0.8666666666666742, "Pa": 0.5416666666666666, "Pd": 0.4583333333333333, "Pc": 0.0, "Dh": -240.83333333333348, "Dsoc": 2.0}