{"start": "19-31-34", "end": "19-33-33", "Vmax": 71.0, "Vm": 59.74499999999999, "Pi": 0.0, "Vmr": 59.74499999999999, "Aa": 0.2987341772151898, "Ad": -0.8666666666666666, "Vsd": 6.297887912376875, "Amax": 0.6666666666666714, "Amin": -1.066666666666677, "Pa": 0.6583333333333333, "Pd": 0.3416666666666667, "Pc": 0.0, "Dh": -175.8666666666668, "Dsoc": 1.0}