{"start": "09-57-47", "end": "09-59-46", "Vmax": 75.0, "Vm": 61.64583333333333, "Pi": 0.0, "Vmr": 61.64583333333333, "Aa": 0.3815789473684211, "Ad": -0.39696969696969686, "Vsd": 8.997995678881022, "Amax": 0.8000000000000043, "Amin": -0.7333333333333343, "Pa": 0.6333333333333333, "Pd": 0.36666666666666664, "Pc": 0.0, "Dh": 225.60000000000036, "Dsoc": 1.0}