{"start": "19-59-34", "end": "20-01-33", "Vmax": 59.0, "Vm": 53.18611111111111, "Pi": 0.0, "Vmr": 53.18611111111111, "Aa": 0.6, "Ad": -0.4095238095238095, "Vsd": 3.1367809370033455, "Amax": 0.8000000000000043, "Amin": -0.5333333333333385, "Pa": 0.4166666666666667, "Pd": 0.5833333333333334, "Pc": 0.0, "Dh": 230.1333333333332, "Dsoc": 1.0}