{"start": "11-35-50", "end": "11-37-49", "Vmax": 64.73333333333333, "Vm": 58.60666666666666, "Pi": 0.0, "Vmr": 58.60666666666666, "Aa": 0.2885057471264368, "Ad": -0.35416666666666674, "Vsd": 3.157779361333627, "Amax": 0.6666666666666714, "Amin": -0.6666666666666714, "Pa": 0.48333333333333334, "Pd": 0.26666666666666666, "Pc": 0.25, "Dh": -84.0666666666666, "Dsoc": 2.0}