{"start": "18-51-36", "end": "18-53-35", "Vmax": 69.86666666666666, "Vm": 39.37722222222223, "Pi": 0.0, "Vmr": 39.37722222222223, "Aa": 0.6575757575757575, "Ad": -0.41874999999999996, "Vsd": 21.50398394606086, "Amax": 1.9333333333333371, "Amin": -0.6666666666666679, "Pa": 0.7333333333333333, "Pd": 0.26666666666666666, "Pc": 0.0, "Dh": 59.799999999999955, "Dsoc": 1.0}