{"start": "10-53-54", "end": "10-55-53", "Vmax": 84.0, "Vm": 66.35, "Pi": 0.0, "Vmr": 66.35, "Aa": 0.8, "Ad": -0.9666666666666667, "Vsd": 14.799932495366782, "Amax": 1.8000000000000043, "Amin": -1.9333333333333371, "Pa": 0.49166666666666664, "Pd": 0.5, "Pc": 0.008333333333333333, "Dh": 99.19999999999982, "Dsoc": 1.0}