{"start": "09-59-47", "end": "10-01-46", "Vmax": 63.0, "Vm": 54.489999999999995, "Pi": 0.0, "Vmr": 54.489999999999995, "Aa": 0.36666666666666664, "Ad": -0.5525925925925926, "Vsd": 5.461339551051257, "Amax": 0.6666666666666714, "Amin": -0.9333333333333371, "Pa": 0.5, "Pd": 0.375, "Pc": 0.125, "Dh": 117.0666666666666, "Dsoc": 1.0}