{"start": "11-11-50", "end": "11-13-49", "Vmax": 80.0, "Vm": 44.58600323624596, "Pi": 0.25, "Vmr": 59.44800431499461, "Aa": 0.2, "Ad": -1.068983137455289, "Vsd": 33.2581134891986, "Amax": 0.20000000000000284, "Amin": -2.3333333333333357, "Pa": 0.125, "Pd": 0.6333333333333333, "Pc": 0.24166666666666667, "Dh": -51.90291262135929, "Dsoc": 3.078964401294492}