{"start": "19-55-34", "end": "19-57-33", "Vmax": 61.0, "Vm": 53.61944444444444, "Pi": 0.0, "Vmr": 53.61944444444444, "Aa": 0.34, "Ad": -0.5238095238095238, "Vsd": 5.542787615755895, "Amax": 0.6666666666666714, "Amin": -1.6666666666666714, "Pa": 0.4166666666666667, "Pd": 0.5833333333333334, "Pc": 0.0, "Dh": 80.40000000000009, "Dsoc": 1.0}