{"start": "19-01-34", "end": "19-03-33", "Vmax": 70.0, "Vm": 59.68444444444444, "Pi": 0.0, "Vmr": 59.68444444444444, "Aa": 0.3952380952380951, "Ad": -0.4848484848484848, "Vsd": 11.317945504598745, "Amax": 0.46666666666666856, "Amin": -1.13333333333334, "Pa": 0.23333333333333334, "Pd": 0.6416666666666667, "Pc": 0.125, "Dh": 203.93333333333317, "Dsoc": 1.0}