{"start": "19-29-36", "end": "19-31-35", "Vmax": 69.0, "Vm": 46.53666666666666, "Pi": 0.0, "Vmr": 46.53666666666666, "Aa": 0.92, "Ad": -0.5878787878787879, "Vsd": 14.700043128299184, "Amax": 1.8666666666666707, "Amin": -1.4666666666666686, "Pa": 0.625, "Pd": 0.275, "Pc": 0.1, "Dh": -237.86666666666633, "Dsoc": 2.0}