{"start": "20-51-10", "end": "20-53-09", "Vmax": 75.0, "Vm": 55.64416666666666, "Pi": 0.0, "Vmr": 55.64416666666666, "Aa": 0.8428571428571429, "Ad": -0.5307692307692308, "Vsd": 8.179918762537806, "Amax": 1.26666666666668, "Amin": -0.8125, "Pa": 0.35, "Pd": 0.65, "Pc": 0.0, "Dh": -0.06666666666671972, "Dsoc": 0.93333333333333}