{"start": "11-01-50", "end": "11-03-49", "Vmax": 80.0, "Vm": 69.24277777777777, "Pi": 0.0, "Vmr": 69.24277777777777, "Aa": 0.7762557077625571, "Ad": -0.9347517730496455, "Vsd": 7.183437719263819, "Amax": 1.3333333333333428, "Amin": -1.5333333333333456, "Pa": 0.6083333333333333, "Pd": 0.39166666666666666, "Pc": 0.0, "Dh": -286.5333333333333, "Dsoc": 0.06666666666666998}