{"start": "19-33-36", "end": "19-35-35", "Vmax": 65.0, "Vm": 53.11500000000001, "Pi": 0.0, "Vmr": 53.11500000000001, "Aa": 0.8666666666666667, "Ad": -0.7300000000000001, "Vsd": 8.320736529652388, "Amax": 1.3333333333333357, "Amin": -1.4666666666666686, "Pa": 0.375, "Pd": 0.5, "Pc": 0.125, "Dh": -202.0, "Dsoc": 1.0}