{"start": "09-43-47", "end": "09-45-46", "Vmax": 50.333333333333336, "Vm": 21.85, "Pi": 0.0, "Vmr": 21.85, "Aa": 0.8222222222222222, "Ad": -0.7733333333333331, "Vsd": 9.594763005107682, "Amax": 2.0, "Amin": -1.6666666666666714, "Pa": 0.375, "Pd": 0.625, "Pc": 0.0, "Dh": 71.40000000000009, "Dsoc": 1.9333333333333371}