{"start": "20-13-34", "end": "20-15-33", "Vmax": 62.0, "Vm": 45.158333333333324, "Pi": 0.0, "Vmr": 45.158333333333324, "Aa": 0.6828282828282825, "Ad": -1.438095238095238, "Vsd": 16.518781575060448, "Amax": 1.3333333333333357, "Amin": -2.866666666666667, "Pa": 0.825, "Pd": 0.175, "Pc": 0.0, "Dh": -111.4666666666667, "Dsoc": 1.0}