{"start": "20-39-10", "end": "20-41-09", "Vmax": 53.0, "Vm": 46.95666666666668, "Pi": 0.0, "Vmr": 46.95666666666668, "Aa": 0.31666666666666665, "Ad": -0.8766666666666668, "Vsd": 6.538234313368399, "Amax": 0.46666666666666856, "Amin": -2.4666666666666686, "Pa": 0.5, "Pd": 0.5, "Pc": 0.0, "Dh": -76.73333333333335, "Dsoc": 1.8666666666666671}