{"start": "11-31-54", "end": "11-33-53", "Vmax": 67.0, "Vm": 62.563333333333325, "Pi": 0.0, "Vmr": 62.563333333333325, "Aa": 0.27666666666666656, "Ad": -0.4, "Vsd": 3.397773203893698, "Amax": 0.7333333333333343, "Amin": -0.5333333333333385, "Pa": 0.5, "Pd": 0.375, "Pc": 0.125, "Dh": -91.59999999999991, "Dsoc": 0.7333333333333343}