{"start": "09-43-47", "end": "09-45-46", "Vmax": 49.0, "Vm": 23.351666666666663, "Pi": 0.0, "Vmr": 23.351666666666663, "Aa": 0.43, "Ad": -0.7833333333333334, "Vsd": 12.658210246634097, "Amax": 1.06666666666667, "Amin": -2.200000000000003, "Pa": 0.5, "Pd": 0.5, "Pc": 0.0, "Dh": 136.5333333333333, "Dsoc": 0.9333333333333371}