{"start": "20-52-57", "end": "20-54-56", "Vmax": 60.0, "Vm": 54.788333333333334, "Pi": 0.0, "Vmr": 54.788333333333334, "Aa": 0.18333333333333332, "Ad": -0.1310344827586206, "Vsd": 4.128239949344645, "Amax": 0.2666666666666728, "Amin": -0.20000000000000284, "Pa": 0.5, "Pd": 0.24166666666666667, "Pc": 0.25833333333333336, "Dh": -93.26666666666677, "Dsoc": 1.0}