{"start": "10-09-47", "end": "10-11-46", "Vmax": 71.0, "Vm": 56.4138888888889, "Pi": 0.0, "Vmr": 56.4138888888889, "Aa": 0.8444444444444444, "Ad": -0.7244444444444444, "Vsd": 10.535325471416202, "Amax": 1.4666666666666686, "Amin": -1.4000000000000057, "Pa": 0.375, "Pd": 0.625, "Pc": 0.0, "Dh": -204.19999999999982, "Dsoc": 1.0}