{"start": "10-27-47", "end": "10-29-46", "Vmax": 79.0, "Vm": 64.93166666666667, "Pi": 0.0, "Vmr": 64.93166666666667, "Aa": 0.30933333333333335, "Ad": -1.1, "Vsd": 6.374608023320366, "Amax": 0.7333333333333343, "Amin": -1.6000000000000085, "Pa": 0.625, "Pd": 0.25, "Pc": 0.125, "Dh": 380.0666666666666, "Dsoc": 1.0}