{"start": "09-59-47", "end": "10-01-46", "Vmax": 64.0, "Vm": 52.49166666666667, "Pi": 0.0, "Vmr": 52.49166666666667, "Aa": 0.9777777777777777, "Ad": -0.7520000000000001, "Vsd": 8.381447933846939, "Amax": 1.9333333333333371, "Amin": -1.7333333333333378, "Pa": 0.375, "Pd": 0.625, "Pc": 0.0, "Dh": 174.5333333333333, "Dsoc": 0.9333333333333371}