{"start": "20-38-57", "end": "20-40-56", "Vmax": 59.0, "Vm": 46.10888888888889, "Pi": 0.0, "Vmr": 46.10888888888889, "Aa": 0.5111111111111111, "Ad": -1.425185185185185, "Vsd": 9.837142340978072, "Amax": 0.6000000000000014, "Amin": -2.8000000000000043, "Pa": 0.375, "Pd": 0.375, "Pc": 0.25, "Dh": -17.533333333333303, "Dsoc": 1.0}