{"start": "18-57-34", "end": "18-59-33", "Vmax": 71.0, "Vm": 66.09333333333333, "Pi": 0.0, "Vmr": 66.09333333333333, "Aa": 0.3433333333333332, "Ad": -0.36666666666666664, "Vsd": 2.8173717480588243, "Amax": 1.13333333333334, "Amin": -0.5333333333333456, "Pa": 0.5, "Pd": 0.5, "Pc": 0.0, "Dh": 133.86666666666656, "Dsoc": 1.0}