{"start": "09-53-47", "end": "09-55-46", "Vmax": 70.0, "Vm": 51.70833333333334, "Pi": 0.008333333333333333, "Vmr": 52.14285714285715, "Aa": 0.8831460674157303, "Ad": -0.3, "Vsd": 21.81898891587153, "Amax": 2.13333333333334, "Amin": -0.4000000000000057, "Pa": 0.7416666666666667, "Pd": 0.25, "Pc": 0.008333333333333333, "Dh": 307.1999999999998, "Dsoc": 1.0}