{"start": "09-31-47", "end": "09-33-46", "Vmax": 79.0, "Vm": 67.24916666666668, "Pi": 0.0, "Vmr": 67.24916666666668, "Aa": 0.4933333333333334, "Ad": -1.2, "Vsd": 10.053946598403439, "Amax": 1.066666666666677, "Amin": -2.266666666666673, "Pa": 0.75, "Pd": 0.25, "Pc": 0.0, "Dh": 58.60000000000002, "Dsoc": 2.0}