{"start": "11-09-54", "end": "11-11-53", "Vmax": 80.0, "Vm": 56.903333333333336, "Pi": 0.0, "Vmr": 56.903333333333336, "Aa": 0.776, "Ad": -1.2444444444444445, "Vsd": 13.885208595495763, "Amax": 1.26666666666668, "Amin": -2.6000000000000085, "Pa": 0.625, "Pd": 0.375, "Pc": 0.0, "Dh": -293.2666666666669, "Dsoc": 4.93333333333333}