{"start": "09-45-47", "end": "09-47-46", "Vmax": 40.0, "Vm": 26.601666666666663, "Pi": 0.0, "Vmr": 26.601666666666663, "Aa": 0.32888888888888884, "Ad": -0.39999999999999974, "Vsd": 9.96573199480819, "Amax": 1.0666666666666664, "Amin": -0.7333333333333343, "Pa": 0.375, "Pd": 0.625, "Pc": 0.0, "Dh": 84.40000000000009, "Dsoc": 0.13333333333333997}