{"start": "11-13-54", "end": "11-15-53", "Vmax": 82.0, "Vm": 31.314999999999998, "Pi": 0.48333333333333334, "Vmr": 60.60967741935483, "Aa": 0.7333333333333343, "Ad": -1.3666666666666671, "Vsd": 34.95400521913062, "Amax": 0.7333333333333343, "Amin": -2.933333333333337, "Pa": 0.025, "Pd": 0.5, "Pc": 0.475, "Dh": -119.59999999999991, "Dsoc": 1.6666666666666643}