{"start": "10-55-50", "end": "10-57-49", "Vmax": 79.0, "Vm": 67.37777777777778, "Pi": 0.0, "Vmr": 67.37777777777778, "Aa": 0.6844444444444445, "Ad": -1.0444444444444445, "Vsd": 7.327032349465159, "Amax": 1.066666666666677, "Amin": -1.7333333333333414, "Pa": 0.625, "Pd": 0.375, "Pc": 0.0, "Dh": 225.0666666666666, "Dsoc": 2.0}