{"start": "19-59-36", "end": "20-01-35", "Vmax": 59.0, "Vm": 53.18333333333332, "Pi": 0.0, "Vmr": 53.18333333333332, "Aa": 0.4, "Ad": -0.4, "Vsd": 2.470687161773801, "Amax": 0.5333333333333385, "Amin": -0.6000000000000014, "Pa": 0.4583333333333333, "Pd": 0.375, "Pc": 0.16666666666666666, "Dh": 197.5333333333333, "Dsoc": 1.0}