{"start": "19-05-36", "end": "19-07-35", "Vmax": 69.0, "Vm": 54.6653125, "Pi": 0.0, "Vmr": 54.6653125, "Aa": 1.069375, "Ad": -1.0, "Vsd": 12.66473079895028, "Amax": 1.9333333333333371, "Amin": -2.06666666666667, "Pa": 0.5, "Pd": 0.5, "Pc": 0.0, "Dh": 66.45000000000005, "Dsoc": 1.0}