{"start": "11-11-54", "end": "11-13-53", "Vmax": 82.0, "Vm": 68.66, "Pi": 0.0, "Vmr": 68.66, "Aa": 0.7706666666666666, "Ad": -1.288888888888889, "Vsd": 7.9367790812693, "Amax": 1.6000000000000085, "Amin": -2.266666666666673, "Pa": 0.625, "Pd": 0.375, "Pc": 0.0, "Dh": -224.66666666666652, "Dsoc": 0.20000000000000284}