{"start": "19-23-36", "end": "19-25-35", "Vmax": 60.0, "Vm": 51.71333333333334, "Pi": 0.0, "Vmr": 51.71333333333334, "Aa": 0.39080459770114945, "Ad": -0.35151515151515134, "Vsd": 7.995052625213002, "Amax": 1.06666666666667, "Amin": -1.5333333333333314, "Pa": 0.725, "Pd": 0.275, "Pc": 0.0, "Dh": 216.80000000000018, "Dsoc": 1.13333333333334}