{"start": "09-31-47", "end": "09-33-46", "Vmax": 78.33333333333333, "Vm": 64.32222222222222, "Pi": 0.0, "Vmr": 64.32222222222222, "Aa": 0.5185185185185185, "Ad": -1.0666666666666667, "Vsd": 10.002066390920973, "Amax": 1.0, "Amin": -1.9333333333333371, "Pa": 0.75, "Pd": 0.25, "Pc": 0.0, "Dh": 104.19999999999993, "Dsoc": 0.86666666666666}