{"start": "10-33-47", "end": "10-35-46", "Vmax": 81.0, "Vm": 73.82416666666668, "Pi": 0.0, "Vmr": 73.82416666666668, "Aa": 0.4, "Ad": -0.21764705882352958, "Vsd": 6.594993078602589, "Amax": 1.13333333333334, "Amin": -1.4666666666666686, "Pa": 0.625, "Pd": 0.2833333333333333, "Pc": 0.09166666666666666, "Dh": -253.26666666666665, "Dsoc": 0.7333333333333343}