{"start": "10-23-47", "end": "10-25-46", "Vmax": 65.26666666666667, "Vm": 35.483333333333334, "Pi": 0.008333333333333333, "Vmr": 35.78151260504202, "Aa": 0.9185185185185188, "Ad": -1.8000000000000007, "Vsd": 19.788114305994768, "Amax": 1.533333333333335, "Amin": -3.0, "Pa": 0.75, "Pd": 0.25, "Pc": 0.0, "Dh": 109.66666666666652, "Dsoc": 0.7999999999999972}