{"start": "10-13-47", "end": "10-15-46", "Vmax": 60.333333333333336, "Vm": 48.92388888888889, "Pi": 0.0, "Vmr": 48.92388888888889, "Aa": 0.18888888888888888, "Ad": -0.8577777777777775, "Vsd": 5.710653440191804, "Amax": 0.6000000000000014, "Amin": -1.2666666666666728, "Pa": 0.75, "Pd": 0.25, "Pc": 0.0, "Dh": -73.19999999999982, "Dsoc": 1.86666666666666}