{"start": "10-27-47", "end": "10-29-46", "Vmax": 77.0, "Vm": 64.4636111111111, "Pi": 0.0, "Vmr": 64.4636111111111, "Aa": 0.47540983606557374, "Ad": -0.8231884057971013, "Vsd": 6.177345108749597, "Amax": 0.6000000000000085, "Amin": -1.7333333333333414, "Pa": 0.5083333333333333, "Pd": 0.38333333333333336, "Pc": 0.10833333333333334, "Dh": 425.5999999999999, "Dsoc": 1.0}