{"start": "09-51-47", "end": "09-53-46", "Vmax": 83.0, "Vm": 42.0, "Pi": 0.375, "Vmr": 67.2, "Aa": 0.979166666666667, "Ad": -1.5, "Vsd": 35.597065521793205, "Amax": 1.0, "Amin": -4.666666666666671, "Pa": 0.13333333333333333, "Pd": 0.5, "Pc": 0.36666666666666664, "Dh": 167.1333333333332, "Dsoc": 3.0}