{"start": "20-50-57", "end": "20-52-56", "Vmax": 62.0, "Vm": 55.698888888888895, "Pi": 0.0, "Vmr": 55.698888888888895, "Aa": 0.35555555555555557, "Ad": -0.35644444444444445, "Vsd": 4.757907435223361, "Amax": 0.5333333333333385, "Amin": -0.5333333333333385, "Pa": 0.375, "Pd": 0.625, "Pc": 0.0, "Dh": -74.26666666666677, "Dsoc": 1.0}