{"start": "19-35-34", "end": "19-37-33", "Vmax": 83.0, "Vm": 61.13944444444444, "Pi": 0.0, "Vmr": 61.13944444444444, "Aa": 0.618421052631579, "Ad": -0.6196969696969696, "Vsd": 12.081367450114024, "Amax": 1.0, "Amin": -1.4000000000000057, "Pa": 0.6333333333333333, "Pd": 0.36666666666666664, "Pc": 0.0, "Dh": -121.0, "Dsoc": 1.0}