{"start": "10-29-47", "end": "10-31-46", "Vmax": 71.0, "Vm": 51.53166666666668, "Pi": 0.0, "Vmr": 51.53166666666668, "Aa": 0.9760000000000001, "Ad": -1.511111111111111, "Vsd": 13.080049347882595, "Amax": 1.6666666666666714, "Amin": -1.9333333333333371, "Pa": 0.625, "Pd": 0.375, "Pc": 0.0, "Dh": -152.4666666666667, "Dsoc": 2.799999999999997}