{"start": "09-35-47", "end": "09-37-46", "Vmax": 71.0, "Vm": 64.67611111111111, "Pi": 0.0, "Vmr": 64.67611111111111, "Aa": 0.2540229885057471, "Ad": -0.31666666666666665, "Vsd": 3.058829296242978, "Amax": 0.46666666666666856, "Amin": -0.6666666666666714, "Pa": 0.48333333333333334, "Pd": 0.5, "Pc": 0.016666666666666666, "Dh": 262.5999999999999, "Dsoc": 1.0}