{"start": "19-57-36", "end": "19-59-35", "Vmax": 58.0, "Vm": 49.68055555555556, "Pi": 0.0, "Vmr": 49.68055555555556, "Aa": 0.4533333333333333, "Ad": -0.4952380952380953, "Vsd": 6.119842035720562, "Amax": 1.13333333333334, "Amin": -0.7333333333333343, "Pa": 0.625, "Pd": 0.2916666666666667, "Pc": 0.08333333333333333, "Dh": 219.0, "Dsoc": 0.2666666666666657}