{"start": "18-55-36", "end": "18-57-35", "Vmax": 65.33333333333333, "Vm": 57.004999999999995, "Pi": 0.0, "Vmr": 57.004999999999995, "Aa": 0.36073059360730586, "Ad": -0.3730496453900709, "Vsd": 3.806232664482271, "Amax": 0.8000000000000043, "Amin": -0.5333333333333385, "Pa": 0.6083333333333333, "Pd": 0.39166666666666666, "Pc": 0.0, "Dh": 36.06666666666672, "Dsoc": 1.0}