{"start": "09-39-47", "end": "09-41-46", "Vmax": 68.0, "Vm": 59.707777777777785, "Pi": 0.0, "Vmr": 59.707777777777785, "Aa": 0.5022988505747127, "Ad": -0.7, "Vsd": 6.248565450055638, "Amax": 0.9333333333333371, "Amin": -1.2000000000000028, "Pa": 0.48333333333333334, "Pd": 0.5, "Pc": 0.016666666666666666, "Dh": -120.0666666666666, "Dsoc": 1.0}