{"start": "20-55-10", "end": "20-57-09", "Vmax": 66.2, "Vm": 37.294999999999995, "Pi": 0.0, "Vmr": 37.294999999999995, "Aa": 1.6952380952380945, "Ad": -0.7897435897435893, "Vsd": 12.727475040833223, "Amax": 1.8000000000000043, "Amin": -1.4666666666666686, "Pa": 0.35, "Pd": 0.65, "Pc": 0.0, "Dh": -1.8666666666666742, "Dsoc": 1.7999999999999972}