{"start": "10-03-47", "end": "10-05-46", "Vmax": 68.0, "Vm": 58.09333333333334, "Pi": 0.0, "Vmr": 58.09333333333334, "Aa": 0.6435374149659864, "Ad": -0.5539906103286385, "Vsd": 5.6776489393931, "Amax": 1.06666666666667, "Amin": -1.0, "Pa": 0.4083333333333333, "Pd": 0.5916666666666667, "Pc": 0.0, "Dh": 221.5999999999999, "Dsoc": 1.0}