{"start": "11-25-50", "end": "11-27-49", "Vmax": 64.0, "Vm": 54.577222222222225, "Pi": 0.0, "Vmr": 54.577222222222225, "Aa": 0.5881481481481482, "Ad": -0.4666666666666667, "Vsd": 4.437052174025027, "Amax": 0.8666666666666742, "Amin": -0.8000000000000043, "Pa": 0.375, "Pd": 0.5, "Pc": 0.125, "Dh": 247.33333333333326, "Dsoc": 1.0}