{"start": "20-36-57", "end": "20-38-56", "Vmax": 58.0, "Vm": 49.180277777777775, "Pi": 0.0, "Vmr": 49.180277777777775, "Aa": 0.3272727272727273, "Ad": -0.703875968992248, "Vsd": 4.70090815735539, "Amax": 0.5333333333333385, "Amin": -0.8666666666666742, "Pa": 0.6416666666666667, "Pd": 0.35833333333333334, "Pc": 0.0, "Dh": -46.86666666666656, "Dsoc": 2.0}