{"start": "19-25-36", "end": "19-27-35", "Vmax": 67.2, "Vm": 56.998333333333335, "Pi": 0.0, "Vmr": 56.998333333333335, "Aa": 0.38933333333333336, "Ad": -0.4444444444444444, "Vsd": 5.458903160539956, "Amax": 0.8000000000000043, "Amin": -0.9333333333333371, "Pa": 0.625, "Pd": 0.375, "Pc": 0.0, "Dh": 221.73333333333358, "Dsoc": 0.7999999999999972}