{"start": "10-05-47", "end": "10-07-46", "Vmax": 61.266666666666666, "Vm": 42.78666666666667, "Pi": 0.0, "Vmr": 42.78666666666667, "Aa": 0.7296803652968037, "Ad": -0.9163120567375885, "Vsd": 11.829778059043926, "Amax": 1.06666666666667, "Amin": -2.06666666666667, "Pa": 0.6083333333333333, "Pd": 0.39166666666666666, "Pc": 0.0, "Dh": -154.13333333333367, "Dsoc": 2.0}