{"start": "19-17-36", "end": "19-19-35", "Vmax": 59.0, "Vm": 46.583333333333336, "Pi": 0.0, "Vmr": 46.583333333333336, "Aa": 0.37356321839080453, "Ad": -0.5591397849462366, "Vsd": 10.81699478985947, "Amax": 0.6666666666666714, "Amin": -0.9333333333333371, "Pa": 0.48333333333333334, "Pd": 0.5166666666666667, "Pc": 0.0, "Dh": 328.1333333333332, "Dsoc": 1.0}