{"start": "19-03-36", "end": "19-05-35", "Vmax": 63.4375, "Vm": 57.66385416666666, "Pi": 0.0, "Vmr": 57.66385416666666, "Aa": 0.31375, "Ad": -0.5666666666666667, "Vsd": 3.2015574780893807, "Amax": 0.8000000000000043, "Amin": -0.7333333333333343, "Pa": 0.75, "Pd": 0.25, "Pc": 0.0, "Dh": -157.8416666666667, "Dsoc": 2.0}