{"start": "11-43-50", "end": "11-45-49", "Vmax": 35.0, "Vm": 16.65, "Pi": 0.0, "Vmr": 16.65, "Aa": 0.7454545454545455, "Ad": -0.42068965517241425, "Vsd": 11.627589618495076, "Amax": 1.2000000000000028, "Amin": -1.3333333333333357, "Pa": 0.275, "Pd": 0.725, "Pc": 0.0, "Dh": 145.39999999999998, "Dsoc": 1.1333333333333329}