{"start": "19-01-36", "end": "19-03-35", "Vmax": 67.0, "Vm": 55.553888888888885, "Pi": 0.0, "Vmr": 55.553888888888885, "Aa": 0.4344827586206897, "Ad": -0.7475177304964539, "Vsd": 9.844792907988602, "Amax": 0.8000000000000043, "Amin": -1.2666666666666728, "Pa": 0.48333333333333334, "Pd": 0.39166666666666666, "Pc": 0.125, "Dh": 162.5333333333333, "Dsoc": 2.0}