{"start": "09-08-52", "end": "09-10-51", "Vmax": 51.77469135802469, "Vm": 51.59104938271606, "Pi": 0.0, "Vmr": 51.59104938271606, "Aa": 0.0030864197530863892, "Ad": 0, "Vsd": 0.10736127858596346, "Amax": 0.003086419753088876, "Amin": 0.0030864197530817705, "Pa": 1.0, "Pd": 0.0, "Pc": 0.0, "Dh": -44.44135802469145, "Dsoc": 1.1018518518518476}