{"start": "16-52-36", "end": "16-54-35", "Vmax": 63.0, "Vm": 24.804166666666667, "Pi": 0.16666666666666666, "Vmr": 29.765, "Aa": 1.250000000000001, "Ad": -1.5681818181818186, "Vsd": 21.53763295792496, "Amax": 2.3076923076923137, "Amin": -3.5, "Pa": 0.4666666666666667, "Pd": 0.36666666666666664, "Pc": 0.16666666666666666, "Dh": -58.60000000000002, "Dsoc": 1.0}