{"start": "09-16-52", "end": "09-18-51", "Vmax": 60.0, "Vm": 48.61166666666667, "Pi": 0.0, "Vmr": 48.61166666666667, "Aa": 0.58, "Ad": -0.49259259259259264, "Vsd": 4.364431933991245, "Amax": 1.2000000000000028, "Amin": -1.4000000000000057, "Pa": 0.4166666666666667, "Pd": 0.45, "Pc": 0.13333333333333333, "Dh": 207.79999999999995, "Dsoc": 1.0}