{"start": "16-44-36", "end": "16-46-35", "Vmax": 89.0, "Vm": 70.86, "Pi": 0.0, "Vmr": 70.86, "Aa": 0.7105882352941175, "Ad": -1.6285714285714286, "Vsd": 12.970028127557379, "Amax": 2.200000000000003, "Amin": -6.800000000000004, "Pa": 0.7083333333333334, "Pd": 0.2916666666666667, "Pc": 0.0, "Dh": 40.60000000000002, "Dsoc": 1.0}