{"start": "10-55-24", "end": "10-57-23", "Vmax": 29.0126582278481, "Vm": 28.702531645569604, "Pi": 0.0, "Vmr": 28.702531645569604, "Aa": 0.005212211466865213, "Ad": 0, "Vsd": 0.181307058699155, "Amax": 0.005212211466869121, "Amin": 0.005212211466862016, "Pa": 1.0, "Pd": 0.0, "Pc": 0.0, "Dh": 386.32911392405094, "Dsoc": 0.8860759493670898}