{"start": "10-34-52", "end": "10-36-51", "Vmax": 56.0, "Vm": 45.56916666666667, "Pi": 0.008333333333333333, "Vmr": 45.952100840336136, "Aa": 0.592079207920792, "Ad": -0.7857142857142857, "Vsd": 14.154889053406665, "Amax": 3.8000000000000007, "Amin": -1.2000000000000028, "Pa": 0.8416666666666667, "Pd": 0.11666666666666667, "Pc": 0.041666666666666664, "Dh": -25.40000000000009, "Dsoc": 1.0}