{"start": "09-58-52", "end": "10-00-51", "Vmax": 47.72012102874433, "Vm": 47.54009077155824, "Pi": 0.0, "Vmr": 47.54009077155824, "Aa": 0.00302571860816947, "Ad": 0, "Vsd": 0.10524978596627, "Amax": 0.003025718608171246, "Amin": 0.0030257186081641407, "Pa": 1.0, "Pd": 0.0, "Pc": 0.0, "Dh": -10.981845688351314, "Dsoc": 0.36006051437216513}