{"start": "11-07-24", "end": "11-09-23", "Vmax": 32.76545048399107, "Vm": 32.45532390171259, "Pi": 0.0, "Vmr": 32.45532390171259, "Aa": 0.005212211466865273, "Ad": 0, "Vsd": 0.18130705869915503, "Amax": 0.005212211466869121, "Amin": 0.005212211466862016, "Pa": 1.0, "Pd": 0.0, "Pc": 0.0, "Dh": 386.32911392405003, "Dsoc": 0.8860759493670898}