{"start": "11-20-06", "end": "11-22-05", "Vmax": 58.0, "Vm": 50.4025, "Pi": 0.0, "Vmr": 50.4025, "Aa": 0.5359999999999999, "Ad": -0.7333333333333333, "Vsd": 4.232992911829246, "Amax": 1.5, "Amin": -2.200000000000003, "Pa": 0.4166666666666667, "Pd": 0.375, "Pc": 0.20833333333333334, "Dh": -78.89999999999998, "Dsoc": 1.0}