{"start": "14-40-36", "end": "14-42-35", "Vmax": 28.0, "Vm": 24.131666666666664, "Pi": 0.0, "Vmr": 24.131666666666664, "Aa": 0.6642424242424241, "Ad": -0.7800000000000002, "Vsd": 1.911065863794592, "Amax": 1.6666666666666679, "Amin": -1.6000000000000014, "Pa": 0.4583333333333333, "Pd": 0.4166666666666667, "Pc": 0.125, "Dh": 472.9333333333343, "Dsoc": 1.0}