{"start": "10-38-52", "end": "10-40-51", "Vmax": 54.0, "Vm": 41.88666666666666, "Pi": 0.008333333333333333, "Vmr": 42.23865546218487, "Aa": 1.4131147540983604, "Ad": -1.7681818181818192, "Vsd": 12.235249622845195, "Amax": 3.4000000000000004, "Amin": -4.200000000000001, "Pa": 0.5083333333333333, "Pd": 0.36666666666666664, "Pc": 0.125, "Dh": -146.60000000000036, "Dsoc": 1.0}