{"start": "17-22-36", "end": "17-24-35", "Vmax": 56.0, "Vm": 37.22692307692308, "Pi": 0.0, "Vmr": 37.22692307692308, "Aa": 1.089301503094606, "Ad": -3.1818181818181825, "Vsd": 11.34565500201696, "Amax": 3.0, "Amin": -4.400000000000002, "Pa": 0.725, "Pd": 0.275, "Pc": 0.0, "Dh": -26.046153846153857, "Dsoc": 0.6000000000000001}