{"start": "17-24-36", "end": "17-26-35", "Vmax": 56.0, "Vm": 38.281666666666666, "Pi": 0.0, "Vmr": 38.281666666666666, "Aa": 1.0166666666666668, "Ad": -2.166666666666666, "Vsd": 10.725329945266026, "Amax": 2.200000000000003, "Amin": -5.800000000000004, "Pa": 0.7, "Pd": 0.3, "Pc": 0.0, "Dh": 64.20000000000005, "Dsoc": 0.20000000000000018}