{"start": "09-42-52", "end": "09-44-51", "Vmax": 56.0, "Vm": 49.775, "Pi": 0.0, "Vmr": 49.775, "Aa": 0.5956521739130435, "Ad": -0.5111111111111112, "Vsd": 5.703990199998655, "Amax": 1.6000000000000014, "Amin": -1.6000000000000014, "Pa": 0.38333333333333336, "Pd": 0.45, "Pc": 0.16666666666666666, "Dh": -231.0, "Dsoc": 1.0}