{"start": "16-54-36", "end": "16-56-35", "Vmax": 64.0, "Vm": 31.402499999999996, "Pi": 0.0, "Vmr": 31.402499999999996, "Aa": 1.4336842105263163, "Ad": -3.52, "Vsd": 15.90892152812485, "Amax": 2.6000000000000014, "Amin": -6.600000000000001, "Pa": 0.7916666666666666, "Pd": 0.20833333333333334, "Pc": 0.0, "Dh": 10.766666666666652, "Dsoc": 1.0}