{"start": "10-49-24", "end": "10-51-23", "Vmax": 27.13626209977662, "Vm": 26.82613551749812, "Pi": 0.0, "Vmr": 26.82613551749812, "Aa": 0.005212211466865213, "Ad": 0, "Vsd": 0.181307058699155, "Amax": 0.005212211466865568, "Amin": 0.005212211466862016, "Pa": 1.0, "Pd": 0.0, "Pc": 0.0, "Dh": 386.32911392405003, "Dsoc": 0.8860759493670827}