{"start": "14-42-36", "end": "14-44-35", "Vmax": 30.0, "Vm": 25.63196454413893, "Pi": 0.0, "Vmr": 25.63196454413893, "Aa": 0.5032352468242481, "Ad": -0.775, "Vsd": 2.87062959434546, "Amax": 1.6666666666666679, "Amin": -1.6000000000000014, "Pa": 0.625, "Pd": 0.3333333333333333, "Pc": 0.041666666666666664, "Dh": 377.62301013024626, "Dsoc": 0.9848046309696059}