{"start": "16-38-36", "end": "16-40-35", "Vmax": 87.0, "Vm": 77.89000000000001, "Pi": 0.0, "Vmr": 77.89000000000001, "Aa": 0.30212765957446813, "Ad": -0.76, "Vsd": 7.140456403274151, "Amax": 0.6000000000000085, "Amin": -2.200000000000003, "Pa": 0.39166666666666666, "Pd": 0.4166666666666667, "Pc": 0.19166666666666668, "Dh": -108.60000000000002, "Dsoc": 1.0}