{"start": "09-24-52", "end": "09-26-51", "Vmax": 51.4, "Vm": 45.62264462809917, "Pi": 0.0, "Vmr": 45.62264462809917, "Aa": 0, "Ad": -0.06798898071625346, "Vsd": 0.7349058234717176, "Amax": -0.008264462809911777, "Amin": -1.8000000000000043, "Pa": 0.0, "Pd": 1.0, "Pc": 0.0, "Dh": 17.23636363636342, "Dsoc": 0.9586776859504198}