{"start": "17-04-36", "end": "17-06-35", "Vmax": 55.0, "Vm": 19.454166666666666, "Pi": 0.16666666666666666, "Vmr": 23.345, "Aa": 1.2727272727272727, "Ad": -3.0476190476190474, "Vsd": 17.225095756282894, "Amax": 3.400000000000002, "Amin": -5.400000000000006, "Pa": 0.6416666666666667, "Pd": 0.175, "Pc": 0.18333333333333332, "Dh": -318.5230769230768, "Dsoc": 2.0}