{"start": "11-24-06", "end": "11-26-05", "Vmax": 56.0, "Vm": 39.275, "Pi": 0.0, "Vmr": 39.275, "Aa": 1.0571428571428574, "Ad": -1.0923076923076926, "Vsd": 11.099823982251914, "Amax": 2.400000000000002, "Amin": -2.4000000000000057, "Pa": 0.2916666666666667, "Pd": 0.5416666666666666, "Pc": 0.16666666666666666, "Dh": 10.0, "Dsoc": 1.0}