{"start": "11-12-06", "end": "11-14-05", "Vmax": 56.0, "Vm": 49.845, "Pi": 0.0, "Vmr": 49.845, "Aa": 0.4790697674418605, "Ad": -0.9285714285714284, "Vsd": 8.449810797941478, "Amax": 2.400000000000002, "Amin": -2.400000000000002, "Pa": 0.35833333333333334, "Pd": 0.35, "Pc": 0.2916666666666667, "Dh": -71.0, "Dsoc": 0.3999999999999986}