{"start": "10-22-52", "end": "10-24-51", "Vmax": 52.0, "Vm": 46.90833333333333, "Pi": 0.0, "Vmr": 46.90833333333333, "Aa": 0.5463414634146341, "Ad": -0.5061224489795918, "Vsd": 3.24722462837341, "Amax": 0.8000000000000043, "Amin": -1.2000000000000028, "Pa": 0.3416666666666667, "Pd": 0.4083333333333333, "Pc": 0.25, "Dh": 206.19999999999982, "Dsoc": 1.0}