{"start": "10-54-06", "end": "10-56-05", "Vmax": 53.0, "Vm": 33.41666666666667, "Pi": 0.0, "Vmr": 33.41666666666667, "Aa": 1.0894736842105261, "Ad": -1.050746268656717, "Vsd": 17.096062416242404, "Amax": 2.8000000000000007, "Amin": -5.200000000000003, "Pa": 0.31666666666666665, "Pd": 0.5583333333333333, "Pc": 0.125, "Dh": -89.0, "Dsoc": 1.0}