{"start": "09-54-52", "end": "09-56-51", "Vmax": 56.0, "Vm": 43.01220512820512, "Pi": 0.0, "Vmr": 43.01220512820512, "Aa": 1.7, "Ad": -0.08551048951048947, "Vsd": 5.5685434430473295, "Amax": 2.200000000000003, "Amin": -0.6000000000000014, "Pa": 0.08333333333333333, "Pd": 0.9166666666666666, "Pc": 0.0, "Dh": -145.3846153846157, "Dsoc": 0.26461538461538225}