{"start": "11-28-06", "end": "11-30-05", "Vmax": 48.0, "Vm": 8.841666666666667, "Pi": 0.5583333333333333, "Vmr": 20.0188679245283, "Aa": 1.4000000000000004, "Ad": -0.8571428571428571, "Vsd": 14.51895071869826, "Amax": 2.8000000000000007, "Amin": -1.4000000000000004, "Pa": 0.3333333333333333, "Pd": 0.11666666666666667, "Pc": 0.55, "Dh": 179.0, "Dsoc": 1.0}