{"start": "09-06-52", "end": "09-08-51", "Vmax": 51.40432098765432, "Vm": 51.22067901234568, "Pi": 0.0, "Vmr": 51.22067901234568, "Aa": 0.003086419753086448, "Ad": 0, "Vsd": 0.10736127858596348, "Amax": 0.003086419753088876, "Amin": 0.0030864197530817705, "Pa": 1.0, "Pd": 0.0, "Pc": 0.0, "Dh": -44.441358024691226, "Dsoc": 1.1018518518518476}