{"start": "17-18-36", "end": "17-20-35", "Vmax": 56.0, "Vm": 36.97243589743589, "Pi": 0.0, "Vmr": 36.97243589743589, "Aa": 1.1725, "Ad": -2.553846153846154, "Vsd": 11.410602060137021, "Amax": 3.200000000000003, "Amin": -6.200000000000003, "Pa": 0.6666666666666666, "Pd": 0.2916666666666667, "Pc": 0.041666666666666664, "Dh": 9.246153846153788, "Dsoc": 1.0}