{"start": "16-20-36", "end": "16-22-35", "Vmax": 64.99479166666667, "Vm": 61.5859375, "Pi": 0.0, "Vmr": 61.5859375, "Aa": 0.05729166666666673, "Ad": 0, "Vsd": 1.9928937337519477, "Amax": 0.057291666666671404, "Amin": 0.05729166666665719, "Pa": 1.0, "Pd": 0.0, "Pc": 0.0, "Dh": -145.65104166666652, "Dsoc": 0.6197916666666643}