{"start": "17-10-36", "end": "17-12-35", "Vmax": 56.0, "Vm": 24.674166666666668, "Pi": 0.175, "Vmr": 29.908080808080808, "Aa": 0.9885057471264361, "Ad": -2.8666666666666667, "Vsd": 19.250626949665357, "Amax": 2.8000000000000007, "Amin": -4.400000000000006, "Pa": 0.725, "Pd": 0.1, "Pc": 0.175, "Dh": -129.20000000000005, "Dsoc": 1.0}