{"start": "10-00-52", "end": "10-02-51", "Vmax": 48.08320726172466, "Vm": 47.903177004538584, "Pi": 0.0, "Vmr": 47.903177004538584, "Aa": 0.0030257186081694104, "Ad": 0, "Vsd": 0.10524978596627005, "Amax": 0.003025718608171246, "Amin": 0.0030257186081641407, "Pa": 1.0, "Pd": 0.0, "Pc": 0.0, "Dh": -10.981845688351314, "Dsoc": 0.3600605143721509}