{"start": "10-41-24", "end": "10-43-23", "Vmax": 23.0, "Vm": 10.125, "Pi": 0.05, "Vmr": 10.657894736842104, "Aa": 0.6285714285714287, "Ad": -1.257142857142857, "Vsd": 6.394801591524008, "Amax": 1.6000000000000014, "Amin": -3.8000000000000007, "Pa": 0.5833333333333334, "Pd": 0.2916666666666667, "Pc": 0.125, "Dh": 342.39999999999964, "Dsoc": 1.0}