{"start": "10-40-52", "end": "10-42-51", "Vmax": 60.0, "Vm": 54.49275862068966, "Pi": 0.0, "Vmr": 54.49275862068966, "Aa": 0.08367816091954017, "Ad": -0.4666666666666667, "Vsd": 1.507907818491779, "Amax": 1.2000000000000028, "Amin": -0.6000000000000014, "Pa": 0.875, "Pd": 0.125, "Pc": 0.0, "Dh": -253.54482758620702, "Dsoc": 0.6620689655172427}