{"start": "09-48-52", "end": "09-50-51", "Vmax": 55.0, "Vm": 45.309999999999995, "Pi": 0.0, "Vmr": 45.309999999999995, "Aa": 0.55, "Ad": -0.7476190476190476, "Vsd": 6.040137457392975, "Amax": 1.0, "Amin": -3.0, "Pa": 0.5, "Pd": 0.35, "Pc": 0.15, "Dh": -72.19999999999982, "Dsoc": 1.0}