{"start": "08-58-52", "end": "09-00-51", "Vmax": 52.0, "Vm": 50.013333333333335, "Pi": 0.0, "Vmr": 50.013333333333335, "Aa": 0.2, "Ad": -0.20000000000000004, "Vsd": 1.563175680236522, "Amax": 0.20000000000000284, "Amin": -0.20000000000000284, "Pa": 0.3333333333333333, "Pd": 0.275, "Pc": 0.39166666666666666, "Dh": 86.19748427672948, "Dsoc": 0.10062893081760649}