{"start": "09-50-52", "end": "09-52-51", "Vmax": 45.0, "Vm": 43.91984615384616, "Pi": 0.0, "Vmr": 43.91984615384616, "Aa": 0, "Ad": -0.01846153846153848, "Vsd": 0.641922408627573, "Amax": 0.0, "Amin": -0.01846153846154408, "Pa": 0.0, "Pd": 0.9833333333333333, "Pc": 0.016666666666666666, "Dh": -183.12307692307695, "Dsoc": 0.3630769230769175}