{"start": "11-09-24", "end": "11-11-23", "Vmax": 33.0, "Vm": 28.49866592206503, "Pi": 0.0, "Vmr": 28.49866592206503, "Aa": 0.5497939935467858, "Ad": -1.15, "Vsd": 4.187974863486665, "Amax": 1.8000000000000007, "Amin": -2.8000000000000007, "Pa": 0.625, "Pd": 0.3333333333333333, "Pc": 0.041666666666666664, "Dh": -213.15562174236766, "Dsoc": 0.32762472077438787}