{"start": "08-38-52", "end": "08-40-51", "Vmax": 3.0, "Vm": 0.435, "Pi": 0.6583333333333333, "Vmr": 1.273170731707317, "Aa": 0.36666666666666675, "Ad": -0.2500000000000001, "Vsd": 0.7359496237783508, "Amax": 0.6000000000000001, "Amin": -0.40000000000000036, "Pa": 0.15, "Pd": 0.16666666666666666, "Pc": 0.6833333333333333, "Dh": -105.79999999999995, "Dsoc": 1.0}