{"start": "14-38-36", "end": "14-40-35", "Vmax": 33.0, "Vm": 24.5725, "Pi": 0.0, "Vmr": 24.5725, "Aa": 0.5969230769230773, "Ad": -1.0555555555555558, "Vsd": 4.423056768235529, "Amax": 2.8000000000000007, "Amin": -2.166666666666668, "Pa": 0.5416666666666666, "Pd": 0.3, "Pc": 0.15833333333333333, "Dh": 738.6909090909103, "Dsoc": 1.0}