{"start": "16-32-36", "end": "16-34-35", "Vmax": 89.0, "Vm": 73.93666666666667, "Pi": 0.0, "Vmr": 73.93666666666667, "Aa": 0.7230769230769231, "Ad": -0.6127659574468084, "Vsd": 8.58143328348357, "Amax": 1.2000000000000028, "Amin": -1.4000000000000057, "Pa": 0.5416666666666666, "Pd": 0.39166666666666666, "Pc": 0.06666666666666667, "Dh": -323.39999999999986, "Dsoc": 2.0}