{"start": "09-20-52", "end": "09-22-51", "Vmax": 46.68674698795181, "Vm": 45.25301204819274, "Pi": 0.0, "Vmr": 45.25301204819274, "Aa": 0, "Ad": -0.02409638554216862, "Vsd": 0.8381940785988474, "Amax": -0.02409638554216542, "Amin": -0.024096385542172527, "Pa": 0.0, "Pd": 1.0, "Pc": 0.0, "Dh": 216.49397590361468, "Dsoc": 0.47791164658633534}