{"start": "16-42-36", "end": "16-44-35", "Vmax": 89.0, "Vm": 85.71833333333333, "Pi": 0.0, "Vmr": 85.71833333333333, "Aa": 0.3391304347826089, "Ad": -0.3050847457627119, "Vsd": 2.944367845856522, "Amax": 0.6000000000000085, "Amin": -2.0, "Pa": 0.38333333333333336, "Pd": 0.49166666666666664, "Pc": 0.125, "Dh": 79.20000000000005, "Dsoc": 3.0}