{"start": "09-00-52", "end": "09-02-51", "Vmax": 51.0, "Vm": 51.0, "Pi": 0.0, "Vmr": 51.0, "Aa": 0, "Ad": 0, "Vsd": 0.0, "Amax": 0.0, "Amin": 0.0, "Pa": 0.0, "Pd": 0.0, "Pc": 1.0, "Dh": 235.00628930817606, "Dsoc": 0.7484276729559696}