{"start": "17-28-36", "end": "17-30-35", "Vmax": 49.232365145228215, "Vm": 37.38174273858921, "Pi": 0.0, "Vmr": 37.38174273858921, "Aa": 0, "Ad": -0.1991701244813278, "Vsd": 6.92814358742284, "Amax": -0.1991701244813271, "Amin": -0.1991701244813342, "Pa": 0.0, "Pd": 1.0, "Pc": 0.0, "Dh": -9.38174273858931, "Dsoc": 0.4937759336099583}