{"start": "08-56-52", "end": "08-58-51", "Vmax": 55.0, "Vm": 51.43833333333334, "Pi": 0.0, "Vmr": 51.43833333333334, "Aa": 0.31428571428571417, "Ad": -0.26249999999999996, "Vsd": 1.3129723373108118, "Amax": 0.6000000000000014, "Amin": -0.4000000000000057, "Pa": 0.23333333333333334, "Pd": 0.26666666666666666, "Pc": 0.5, "Dh": 30.399999999999864, "Dsoc": 1.0}