{"start": "10-06-52", "end": "10-08-51", "Vmax": 55.0, "Vm": 48.11745373357362, "Pi": 0.0, "Vmr": 48.11745373357362, "Aa": 0.08480301742896815, "Ad": -0.41832273449920504, "Vsd": 3.9836625834533015, "Amax": 0.8000000000000043, "Amin": -1.6000000000000014, "Pa": 0.6083333333333333, "Pd": 0.30833333333333335, "Pc": 0.08333333333333333, "Dh": 5.39601317077495, "Dsoc": 0.4302416125300397}