{"start": "10-32-52", "end": "10-34-51", "Vmax": 58.0, "Vm": 46.74666666666667, "Pi": 0.0, "Vmr": 46.74666666666667, "Aa": 0.4956521739130434, "Ad": -0.9552238805970149, "Vsd": 10.775282431778475, "Amax": 0.8000000000000043, "Amin": -4.400000000000006, "Pa": 0.19166666666666668, "Pd": 0.5583333333333333, "Pc": 0.25, "Dh": -77.59999999999991, "Dsoc": 1.0}