{"start": "15-46-36", "end": "15-48-35", "Vmax": 38.0, "Vm": 32.7, "Pi": 0.0, "Vmr": 32.7, "Aa": 0.46545454545454545, "Ad": -0.675, "Vsd": 3.0492380153610608, "Amax": 0.8000000000000043, "Amin": -1.2000000000000028, "Pa": 0.4583333333333333, "Pd": 0.3333333333333333, "Pc": 0.20833333333333334, "Dh": 330.2000000000003, "Dsoc": 1.0}