{"start": "10-30-52", "end": "10-32-51", "Vmax": 55.6, "Vm": 49.609166666666674, "Pi": 0.0, "Vmr": 49.609166666666674, "Aa": 0.5492063492063493, "Ad": -0.91875, "Vsd": 3.859766281996099, "Amax": 1.2000000000000028, "Amin": -2.0, "Pa": 0.525, "Pd": 0.26666666666666666, "Pc": 0.20833333333333334, "Dh": -270.8000000000002, "Dsoc": 1.0}