{"start": "10-30-03", "end": "10-32-02", "Vmax": 42.0, "Vm": 33.08583333333333, "Pi": 0.0, "Vmr": 33.08583333333333, "Aa": 0.6074074074074074, "Ad": -0.5901639344262295, "Vsd": 4.382742794996778, "Amax": 1.0, "Amin": -1.8000000000000043, "Pa": 0.45, "Pd": 0.5083333333333333, "Pc": 0.041666666666666664, "Dh": 294.4000000000001, "Dsoc": 1.0}