{"start": "09-32-52", "end": "09-34-51", "Vmax": 55.0, "Vm": 50.22666666666667, "Pi": 0.0, "Vmr": 50.22666666666667, "Aa": 0.4, "Ad": -0.3, "Vsd": 2.860326517570126, "Amax": 0.8000000000000043, "Amin": -0.8000000000000043, "Pa": 0.25, "Pd": 0.48333333333333334, "Pc": 0.26666666666666666, "Dh": 206.79999999999973, "Dsoc": 1.0}