{"start": "09-34-52", "end": "09-36-51", "Vmax": 48.8, "Vm": 3.315, "Pi": 0.75, "Vmr": 13.26, "Aa": 0.3, "Ad": -2.390909090909091, "Vsd": 10.228701175178202, "Amax": 0.40000000000000013, "Amin": -5.400000000000002, "Pa": 0.08333333333333333, "Pd": 0.18333333333333332, "Pc": 0.7333333333333333, "Dh": 2.399999999999636, "Dsoc": 1.0}