{"start": "13-51-47", "end": "13-53-46", "Vmax": 34.0, "Vm": 21.3075, "Pi": 0.008333333333333333, "Vmr": 21.48655462184874, "Aa": 0.7999999999999999, "Ad": -1.1028571428571432, "Vsd": 8.375957614887183, "Amax": 2.0, "Amin": -3.400000000000002, "Pa": 0.5416666666666666, "Pd": 0.2916666666666667, "Pc": 0.16666666666666666, "Dh": 433.60000000000036, "Dsoc": 1.0}