{"start": "15-18-36", "end": "15-20-35", "Vmax": 43.0, "Vm": 34.66833333333333, "Pi": 0.0, "Vmr": 34.66833333333333, "Aa": 0.7555555555555555, "Ad": -0.7803278688524593, "Vsd": 4.1805066504362545, "Amax": 3.200000000000003, "Amin": -1.8000000000000043, "Pa": 0.45, "Pd": 0.5083333333333333, "Pc": 0.041666666666666664, "Dh": 213.5999999999999, "Dsoc": 1.0}