{"start": "10-04-52", "end": "10-06-51", "Vmax": 48.809379727685325, "Vm": 48.62934947049924, "Pi": 0.0, "Vmr": 48.62934947049924, "Aa": 0.0030257186081694104, "Ad": 0, "Vsd": 0.10524978596626995, "Amax": 0.003025718608171246, "Amin": 0.0030257186081641407, "Pa": 1.0, "Pd": 0.0, "Pc": 0.0, "Dh": -10.981845688350859, "Dsoc": 0.36006051437216513}