{"start": "10-02-52", "end": "10-04-51", "Vmax": 48.446293494704996, "Vm": 48.26626323751891, "Pi": 0.0, "Vmr": 48.26626323751891, "Aa": 0.00302571860816947, "Ad": 0, "Vsd": 0.10524978596626999, "Amax": 0.003025718608171246, "Amin": 0.0030257186081641407, "Pa": 1.0, "Pd": 0.0, "Pc": 0.0, "Dh": -10.981845688350859, "Dsoc": 0.36006051437216513}