{"start": "16-18-36", "end": "16-20-35", "Vmax": 75.0, "Vm": 56.59563368055556, "Pi": 0.0, "Vmr": 56.59563368055556, "Aa": 0.6544415509259259, "Ad": -0.9, "Vsd": 7.221765363609195, "Amax": 2.6000000000000014, "Amin": -2.200000000000003, "Pa": 0.6, "Pd": 0.4, "Pc": 0.0, "Dh": -228.88645833333317, "Dsoc": 1.1927083333333321}