{"start": "11-30-06", "end": "11-32-05", "Vmax": 51.0, "Vm": 26.008333333333333, "Pi": 0.09166666666666666, "Vmr": 28.63302752293578, "Aa": 1.700000000000001, "Ad": -2.301818181818184, "Vsd": 15.587592476572068, "Amax": 2.6000000000000005, "Amin": -5.200000000000001, "Pa": 0.4166666666666667, "Pd": 0.4583333333333333, "Pc": 0.125, "Dh": -251.0, "Dsoc": 1.0}