{"start": "16-10-36", "end": "16-12-35", "Vmax": 76.0, "Vm": 60.84166666666667, "Pi": 0.0, "Vmr": 60.84166666666667, "Aa": 1.2307692307692315, "Ad": -1.6727272727272726, "Vsd": 8.536226148758304, "Amax": 2.200000000000003, "Amin": -5.400000000000006, "Pa": 0.5416666666666666, "Pd": 0.4583333333333333, "Pc": 0.0, "Dh": -238.80000000000018, "Dsoc": 2.0}