{"start": "10-12-03", "end": "10-14-02", "Vmax": 42.0, "Vm": 35.14083333333334, "Pi": 0.0, "Vmr": 35.14083333333334, "Aa": 0.5781818181818182, "Ad": -0.5555555555555556, "Vsd": 2.9584059051342417, "Amax": 1.6000000000000014, "Amin": -2.0, "Pa": 0.4583333333333333, "Pd": 0.375, "Pc": 0.16666666666666666, "Dh": 463.7999999999997, "Dsoc": 1.0}