{"start": "10-32-03", "end": "10-34-02", "Vmax": 37.0, "Vm": 30.133333333333333, "Pi": 0.0, "Vmr": 30.133333333333333, "Aa": 0.6545454545454544, "Ad": -0.8909090909090909, "Vsd": 9.105297500742676, "Amax": 1.4000000000000021, "Amin": -2.8000000000000007, "Pa": 0.4583333333333333, "Pd": 0.4583333333333333, "Pc": 0.08333333333333333, "Dh": 364.1999999999998, "Dsoc": 1.0}