{"start": "16-14-36", "end": "16-16-35", "Vmax": 63.0, "Vm": 52.86166666666666, "Pi": 0.0, "Vmr": 52.86166666666666, "Aa": 1.0222222222222221, "Ad": -0.9046153846153846, "Vsd": 5.091221367609703, "Amax": 1.6000000000000014, "Amin": -2.6000000000000014, "Pa": 0.375, "Pd": 0.5416666666666666, "Pc": 0.08333333333333333, "Dh": 45.0, "Dsoc": 1.0}