{"start": "09-04-52", "end": "09-06-51", "Vmax": 55.0, "Vm": 49.933364197530864, "Pi": 0.0, "Vmr": 49.933364197530864, "Aa": 0.26042438271604934, "Ad": -0.32, "Vsd": 4.070636177579727, "Amax": 0.6000000000000014, "Amin": -0.4000000000000057, "Pa": 0.6666666666666666, "Pd": 0.20833333333333334, "Pc": 0.125, "Dh": 12.49197530864194, "Dsoc": 0.10185185185184764}