{"start": "10-12-52", "end": "10-14-51", "Vmax": 53.0, "Vm": 33.69261642156862, "Pi": 0.09166666666666666, "Vmr": 37.092788720992985, "Aa": 0.76, "Ad": -0.386029411764706, "Vsd": 18.20768018970412, "Amax": 2.6000000000000014, "Amin": -1.4000000000000057, "Pa": 0.625, "Pd": 0.25, "Pc": 0.125, "Dh": 281.41176470588243, "Dsoc": 0.09926470588234793}