{"start": "09-22-52", "end": "09-24-51", "Vmax": 61.0, "Vm": 45.91431726907631, "Pi": 0.0, "Vmr": 45.91431726907631, "Aa": 0.8285714285714286, "Ad": -0.3018350324374421, "Vsd": 4.5942285391383715, "Amax": 1.4000000000000057, "Amin": -1.7999999999999972, "Pa": 0.2916666666666667, "Pd": 0.5416666666666666, "Pc": 0.16666666666666666, "Dh": 232.2361445783131, "Dsoc": 1.1325301204819311}