{"start": "10-10-52", "end": "10-12-51", "Vmax": 20.393382352941178, "Vm": 10.987132352941178, "Pi": 0.0, "Vmr": 10.987132352941178, "Aa": 0, "Ad": -0.1580882352941176, "Vsd": 5.499107842866336, "Amax": -0.15808823529411598, "Amin": -0.15808823529412308, "Pa": 0.0, "Pd": 1.0, "Pc": 0.0, "Dh": 98.0, "Dsoc": 1.3125}