{"start": "15-50-36", "end": "15-52-35", "Vmax": 36.0, "Vm": 31.8275, "Pi": 0.0, "Vmr": 31.8275, "Aa": 0.39999999999999997, "Ad": -0.5363636363636364, "Vsd": 2.0579497312062323, "Amax": 1.6000000000000014, "Amin": -1.2000000000000028, "Pa": 0.425, "Pd": 0.36666666666666664, "Pc": 0.20833333333333334, "Dh": 539.1999999999998, "Dsoc": 1.0}