{"start": "11-47-41", "end": "11-49-40", "Vmax": 36.0, "Vm": 29.535000000000004, "Pi": 0.0, "Vmr": 29.535000000000004, "Aa": 0.3466666666666667, "Ad": -0.38749999999999996, "Vsd": 3.6351378090460758, "Amax": 0.8000000000000007, "Amin": -0.8000000000000007, "Pa": 0.625, "Pd": 0.26666666666666666, "Pc": 0.10833333333333334, "Dh": 261.8000000000002, "Dsoc": 1.0}