{"start": "10-24-52", "end": "10-26-51", "Vmax": 49.0, "Vm": 37.08583333333333, "Pi": 0.0, "Vmr": 37.08583333333333, "Aa": 0.8689655172413794, "Ad": -1.0999999999999999, "Vsd": 13.722623480639916, "Amax": 2.200000000000001, "Amin": -3.6000000000000014, "Pa": 0.48333333333333334, "Pd": 0.43333333333333335, "Pc": 0.08333333333333333, "Dh": 88.0, "Dsoc": 2.0}