{"start": "16-30-36", "end": "16-32-35", "Vmax": 72.0, "Vm": 58.388333333333335, "Pi": 0.0, "Vmr": 58.388333333333335, "Aa": 0.8507462686567164, "Ad": -0.8186046511627908, "Vsd": 8.035396308679182, "Amax": 2.0, "Amin": -2.0, "Pa": 0.5583333333333333, "Pd": 0.35833333333333334, "Pc": 0.08333333333333333, "Dh": -98.79999999999995, "Dsoc": 1.0}