{"start": "16-08-36", "end": "16-10-35", "Vmax": 66.0, "Vm": 50.49583333333333, "Pi": 0.0, "Vmr": 50.49583333333333, "Aa": 1.0169491525423728, "Ad": -0.6885245901639344, "Vsd": 9.520278188094686, "Amax": 2.200000000000003, "Amin": -1.8000000000000043, "Pa": 0.49166666666666664, "Pd": 0.5083333333333333, "Pc": 0.0, "Dh": -135.80000000000018, "Dsoc": 1.0}