{"start": "15-48-36", "end": "15-50-35", "Vmax": 35.0, "Vm": 30.341666666666665, "Pi": 0.0, "Vmr": 30.341666666666665, "Aa": 0.475, "Ad": -0.42, "Vsd": 2.14865927840546, "Amax": 1.2000000000000028, "Amin": -1.0, "Pa": 0.3333333333333333, "Pd": 0.4166666666666667, "Pc": 0.25, "Dh": 432.39999999999964, "Dsoc": 1.0}