{"start": "10-16-03", "end": "10-18-02", "Vmax": 49.910714285714285, "Vm": 44.405, "Pi": 0.0, "Vmr": 44.405, "Aa": 0.1292559523809524, "Ad": 0, "Vsd": 3.502267144302391, "Amax": 0.8000000000000043, "Amin": 0.0892857142857082, "Pa": 1.0, "Pd": 0.0, "Pc": 0.0, "Dh": -210.31785714285752, "Dsoc": 0.6607142857142918}