{"start": "13-47-47", "end": "13-49-46", "Vmax": 40.0, "Vm": 30.930833333333332, "Pi": 0.0, "Vmr": 30.930833333333332, "Aa": 0.5222222222222223, "Ad": -0.832142857142857, "Vsd": 4.646055247742903, "Amax": 1.6000000000000014, "Amin": -2.8000000000000007, "Pa": 0.45, "Pd": 0.4666666666666667, "Pc": 0.08333333333333333, "Dh": 248.80000000000018, "Dsoc": 1.0}