{"start": "10-59-24", "end": "11-01-23", "Vmax": 30.263588979895758, "Vm": 29.953462397617265, "Pi": 0.0, "Vmr": 29.953462397617265, "Aa": 0.005212211466865243, "Ad": 0, "Vsd": 0.181307058699155, "Amax": 0.005212211466869121, "Amin": 0.005212211466862016, "Pa": 1.0, "Pd": 0.0, "Pc": 0.0, "Dh": 386.32911392405003, "Dsoc": 0.8860759493670898}