{"start": "11-14-06", "end": "11-16-05", "Vmax": 34.0, "Vm": 7.983333333333333, "Pi": 0.5333333333333333, "Vmr": 17.107142857142858, "Aa": 1.6000000000000003, "Ad": -1.763157894736842, "Vsd": 11.203378342022983, "Amax": 2.6000000000000005, "Amin": -4.800000000000001, "Pa": 0.16666666666666666, "Pd": 0.31666666666666665, "Pc": 0.5166666666666667, "Dh": 52.399999999999864, "Dsoc": 0.3999999999999986}