{"start": "10-26-52", "end": "10-28-51", "Vmax": 56.0, "Vm": 47.019999999999996, "Pi": 0.0, "Vmr": 47.019999999999996, "Aa": 0.8044444444444445, "Ad": -1.1999999999999997, "Vsd": 10.805053284023556, "Amax": 2.200000000000003, "Amin": -5.600000000000001, "Pa": 0.375, "Pd": 0.3333333333333333, "Pc": 0.2916666666666667, "Dh": -273.8000000000002, "Dsoc": 1.0}