{"start": "14-36-36", "end": "14-38-35", "Vmax": 30.0, "Vm": 18.966666666666665, "Pi": 0.008333333333333333, "Vmr": 19.126050420168067, "Aa": 0.4875000000000004, "Ad": -0.64, "Vsd": 8.265076200122873, "Amax": 1.0, "Amin": -1.4000000000000021, "Pa": 0.6666666666666666, "Pd": 0.20833333333333334, "Pc": 0.125, "Dh": 157.51515151515196, "Dsoc": 2.0}