{"start": "16-46-36", "end": "16-48-35", "Vmax": 92.0, "Vm": 74.57916666666667, "Pi": 0.0, "Vmr": 74.57916666666667, "Aa": 1.3923076923076925, "Ad": -1.5116279069767442, "Vsd": 19.855949230245525, "Amax": 2.6000000000000014, "Amin": -5.0, "Pa": 0.43333333333333335, "Pd": 0.35833333333333334, "Pc": 0.20833333333333334, "Dh": 69.83333333333337, "Dsoc": 1.833333333333334}