{"start": "17-20-36", "end": "17-22-35", "Vmax": 57.0, "Vm": 41.20641025641026, "Pi": 0.0, "Vmr": 41.20641025641026, "Aa": 0.32209790209790207, "Ad": -3.9, "Vsd": 8.543264173592576, "Amax": 3.1999999999999993, "Amin": -5.200000000000003, "Pa": 0.9166666666666666, "Pd": 0.08333333333333333, "Pc": 0.0, "Dh": 75.76923076923072, "Dsoc": 1.0}