{"start": "15-20-36", "end": "15-22-35", "Vmax": 45.0, "Vm": 33.4925, "Pi": 0.0, "Vmr": 33.4925, "Aa": 0.7254901960784313, "Ad": -0.5387755102040817, "Vsd": 2.8043499041109703, "Amax": 1.8000000000000043, "Amin": -2.0, "Pa": 0.425, "Pd": 0.4083333333333333, "Pc": 0.16666666666666666, "Dh": 374.1999999999998, "Dsoc": 2.0}