{"start": "16-26-36", "end": "16-28-35", "Vmax": 63.0, "Vm": 55.395833333333336, "Pi": 0.0, "Vmr": 55.395833333333336, "Aa": 0.5909090909090909, "Ad": -1.1529411764705884, "Vsd": 7.495727463389762, "Amax": 2.0, "Amin": -4.600000000000001, "Pa": 0.55, "Pd": 0.2833333333333333, "Pc": 0.16666666666666666, "Dh": 49.40000000000009, "Dsoc": 1.0}