{"start": "16-36-36", "end": "16-38-35", "Vmax": 82.0, "Vm": 69.00416666666666, "Pi": 0.0, "Vmr": 69.00416666666666, "Aa": 0.8873239436619719, "Ad": -1.6, "Vsd": 11.273798616590254, "Amax": 2.200000000000003, "Amin": -3.200000000000003, "Pa": 0.5916666666666667, "Pd": 0.3333333333333333, "Pc": 0.075, "Dh": -54.60000000000002, "Dsoc": 2.0}