{"start": "15-16-36", "end": "15-18-35", "Vmax": 41.2, "Vm": 31.734999999999996, "Pi": 0.0, "Vmr": 31.734999999999996, "Aa": 0.9640000000000002, "Ad": -0.66, "Vsd": 4.709023164061084, "Amax": 2.8000000000000043, "Amin": -1.2000000000000028, "Pa": 0.4166666666666667, "Pd": 0.4166666666666667, "Pc": 0.16666666666666666, "Dh": 219.0, "Dsoc": 1.0}