{"start": "15-38-36", "end": "15-40-35", "Vmax": 42.0, "Vm": 24.203333333333333, "Pi": 0.075, "Vmr": 26.165765765765766, "Aa": 0.7521126760563381, "Ad": -1.0666666666666667, "Vsd": 12.012038312699907, "Amax": 1.2000000000000028, "Amin": -2.200000000000003, "Pa": 0.5916666666666667, "Pd": 0.25, "Pc": 0.15833333333333333, "Dh": -48.40000000000009, "Dsoc": 2.0}