{"start": "10-28-52", "end": "10-30-51", "Vmax": 57.0, "Vm": 48.355000000000004, "Pi": 0.0, "Vmr": 48.355000000000004, "Aa": 0.6626865671641791, "Ad": -0.6473684210526316, "Vsd": 5.595524171719979, "Amax": 2.200000000000003, "Amin": -1.4000000000000057, "Pa": 0.5583333333333333, "Pd": 0.31666666666666665, "Pc": 0.125, "Dh": -66.0, "Dsoc": 2.0}