{"start": "10-53-24", "end": "10-55-23", "Vmax": 28.387192851824274, "Vm": 28.077066269545778, "Pi": 0.0, "Vmr": 28.077066269545778, "Aa": 0.005212211466865213, "Ad": 0, "Vsd": 0.18130705869915503, "Amax": 0.005212211466869121, "Amin": 0.005212211466862016, "Pa": 1.0, "Pd": 0.0, "Pc": 0.0, "Dh": 386.32911392405003, "Dsoc": 0.8860759493670898}