{"start": "17-26-36", "end": "17-28-35", "Vmax": 57.0, "Vm": 44.87179114799447, "Pi": 0.0, "Vmr": 44.87179114799447, "Aa": 1.0985074626865672, "Ad": -1.0118430152143845, "Vsd": 9.773710322993987, "Amax": 2.400000000000002, "Amin": -5.400000000000006, "Pa": 0.5583333333333333, "Pd": 0.4, "Pc": 0.041666666666666664, "Dh": -121.79585062240665, "Dsoc": 1.1576763485477177}