{"start": "10-18-03", "end": "10-20-02", "Vmax": 62.0, "Vm": 52.29916666666666, "Pi": 0.0, "Vmr": 52.29916666666666, "Aa": 0.4901009316770186, "Ad": -1.2428571428571427, "Vsd": 4.933286858443473, "Amax": 2.0, "Amin": -3.0, "Pa": 0.7666666666666667, "Pd": 0.23333333333333334, "Pc": 0.0, "Dh": -145.9333333333334, "Dsoc": 0.3333333333333286}