{"start": "16-22-36", "end": "16-24-35", "Vmax": 73.0, "Vm": 64.82426215277778, "Pi": 0.0, "Vmr": 64.82426215277778, "Aa": 0.4500651041666666, "Ad": -1.1, "Vsd": 3.3888826321513186, "Amax": 1.4000000000000057, "Amin": -1.8000000000000043, "Pa": 0.6666666666666666, "Pd": 0.25, "Pc": 0.08333333333333333, "Dh": -159.61458333333326, "Dsoc": 0.17708333333333215}