{"start": "11-06-06", "end": "11-08-05", "Vmax": 59.0, "Vm": 44.626250000000006, "Pi": 0.0, "Vmr": 44.626250000000006, "Aa": 0.5079268292682927, "Ad": -0.5666666666666669, "Vsd": 10.133562686871686, "Amax": 1.6000000000000014, "Amin": -1.0, "Pa": 0.6833333333333333, "Pd": 0.15, "Pc": 0.16666666666666666, "Dh": -80.0, "Dsoc": 0.2888888888888914}