{"start": "16-24-36", "end": "16-26-35", "Vmax": 72.0, "Vm": 60.333333333333336, "Pi": 0.0, "Vmr": 60.333333333333336, "Aa": 0.8545454545454545, "Ad": -1.425, "Vsd": 7.276684688511821, "Amax": 2.200000000000003, "Amin": -3.200000000000003, "Pa": 0.4583333333333333, "Pd": 0.3333333333333333, "Pc": 0.20833333333333334, "Dh": -213.79999999999995, "Dsoc": 1.0}