{"start": "10-42-52", "end": "10-44-51", "Vmax": 56.0, "Vm": 50.99057471264368, "Pi": 0.0, "Vmr": 50.99057471264368, "Aa": 0.05108123904149625, "Ad": -0.848780487804878, "Vsd": 5.811605035764579, "Amax": 0.20000000000000284, "Amin": -4.800000000000001, "Pa": 0.49166666666666664, "Pd": 0.3416666666666667, "Pc": 0.16666666666666666, "Dh": -135.57241379310335, "Dsoc": 0.3310344827586178}