{"start": "13-53-47", "end": "13-55-46", "Vmax": 36.0, "Vm": 27.45, "Pi": 0.0, "Vmr": 27.45, "Aa": 0.7333333333333333, "Ad": -0.5384615384615385, "Vsd": 4.035243893163203, "Amax": 2.0, "Amin": -1.8000000000000043, "Pa": 0.375, "Pd": 0.5416666666666666, "Pc": 0.08333333333333333, "Dh": 301.1999999999998, "Dsoc": 2.0}