{"start": "09-36-52", "end": "09-38-51", "Vmax": 7.0, "Vm": 0.2916666666666667, "Pi": 0.925, "Vmr": 3.888888888888889, "Aa": 1.4, "Ad": -1.4, "Vsd": 1.1463924660754323, "Amax": 1.4000000000000004, "Amin": -1.4000000000000004, "Pa": 0.041666666666666664, "Pd": 0.041666666666666664, "Pc": 0.9166666666666666, "Dh": 10.800000000000182, "Dsoc": 1.0}