{"start": "17-30-36", "end": "17-32-35", "Vmax": 25.331950207468882, "Vm": 15.84737520432542, "Pi": 0.008333333333333333, "Vmr": 15.980546424529834, "Aa": 2.090909090909091, "Ad": -0.27426382289528967, "Vsd": 6.445075671391086, "Amax": 3.0, "Amin": -1.0, "Pa": 0.09166666666666666, "Pd": 0.9083333333333333, "Pc": 0.0, "Dh": 168.26254243681626, "Dsoc": 0.3402489626556018}