{"start": "10-51-24", "end": "10-53-23", "Vmax": 27.76172747580045, "Vm": 27.45160089352195, "Pi": 0.0, "Vmr": 27.45160089352195, "Aa": 0.005212211466865243, "Ad": 0, "Vsd": 0.18130705869915503, "Amax": 0.005212211466865568, "Amin": 0.005212211466862016, "Pa": 1.0, "Pd": 0.0, "Pc": 0.0, "Dh": 386.32911392405094, "Dsoc": 0.8860759493670898}