{"start": "15-24-36", "end": "15-26-35", "Vmax": 61.0, "Vm": 42.15833333333333, "Pi": 0.0, "Vmr": 42.15833333333333, "Aa": 1.0133333333333332, "Ad": -0.7636363636363637, "Vsd": 8.147606810102344, "Amax": 1.6000000000000014, "Amin": -1.8000000000000043, "Pa": 0.5, "Pd": 0.4583333333333333, "Pc": 0.041666666666666664, "Dh": -261.5999999999999, "Dsoc": 2.0}