{"start": "16-40-36", "end": "16-42-35", "Vmax": 81.6, "Vm": 52.19833333333334, "Pi": 0.0, "Vmr": 52.19833333333334, "Aa": 1.305, "Ad": -1.9249999999999994, "Vsd": 15.351139247315693, "Amax": 3.0, "Amin": -7.0, "Pa": 0.6666666666666666, "Pd": 0.3333333333333333, "Pc": 0.0, "Dh": -62.799999999999955, "Dsoc": 1.0}