{"start": "10-45-24", "end": "10-47-23", "Vmax": 28.0, "Vm": 19.485, "Pi": 0.058333333333333334, "Vmr": 20.692035398230086, "Aa": 0.5857142857142861, "Ad": -0.4666666666666666, "Vsd": 7.874292285126113, "Amax": 2.200000000000001, "Amin": -1.2000000000000028, "Pa": 0.5833333333333334, "Pd": 0.275, "Pc": 0.14166666666666666, "Dh": 454.59999999999945, "Dsoc": 2.0}