{"start": "09-58-03", "end": "10-00-02", "Vmax": 25.6, "Vm": 15.516666666666667, "Pi": 0.008333333333333333, "Vmr": 15.647058823529411, "Aa": 0.9000000000000001, "Ad": -0.5818181818181817, "Vsd": 6.549595321815831, "Amax": 2.2, "Amin": -1.4000000000000021, "Pa": 0.5333333333333333, "Pd": 0.4583333333333333, "Pc": 0.008333333333333333, "Dh": -117.80000000000018, "Dsoc": 1.0}