{"start": "15-56-36", "end": "15-58-35", "Vmax": 57.0, "Vm": 41.415, "Pi": 0.0, "Vmr": 41.415, "Aa": 0.8149253731343284, "Ad": -1.1541666666666666, "Vsd": 7.290106683868548, "Amax": 1.8000000000000043, "Amin": -2.8000000000000043, "Pa": 0.5583333333333333, "Pd": 0.4, "Pc": 0.041666666666666664, "Dh": -265.0, "Dsoc": 1.0}