{"start": "10-47-24", "end": "10-49-23", "Vmax": 27.0, "Vm": 26.150703648548014, "Pi": 0.0, "Vmr": 26.150703648548014, "Aa": 0.03408540508497858, "Ad": -0.3714285714285716, "Vsd": 0.5896065999762281, "Amax": 0.6000000000000014, "Amin": -0.8000000000000007, "Pa": 0.8583333333333333, "Pd": 0.058333333333333334, "Pc": 0.08333333333333333, "Dh": 454.5533879374534, "Dsoc": 0.7297096053611369}