{"start": "10-08-52", "end": "10-10-51", "Vmax": 39.3639705882353, "Vm": 29.95772058823529, "Pi": 0.0, "Vmr": 29.95772058823529, "Aa": 0, "Ad": -0.15808823529411767, "Vsd": 5.499107842866335, "Amax": -0.15808823529411598, "Amin": -0.15808823529412308, "Pa": 0.0, "Pd": 1.0, "Pc": 0.0, "Dh": 98.0, "Dsoc": 1.3125}