{"start": "09-28-52", "end": "09-30-51", "Vmax": 53.6, "Vm": 45.4, "Pi": 0.0, "Vmr": 45.4, "Aa": 0.4681818181818182, "Ad": -0.4195121951219513, "Vsd": 4.207236662719897, "Amax": 0.8000000000000043, "Amin": -0.8000000000000043, "Pa": 0.36666666666666664, "Pd": 0.3416666666666667, "Pc": 0.2916666666666667, "Dh": 216.4000000000001, "Dsoc": 1.0}