{"start": "16-48-36", "end": "16-50-35", "Vmax": 92.0, "Vm": 63.96973684210526, "Pi": 0.008333333333333333, "Vmr": 64.50729765590447, "Aa": 1.0260266049739732, "Ad": -4.681818181818182, "Vsd": 29.659697587083933, "Amax": 2.6000000000000014, "Amin": -6.833333333333343, "Pa": 0.7583333333333333, "Pd": 0.18333333333333332, "Pc": 0.058333333333333334, "Dh": 11.84649122807025, "Dsoc": 1.083333333333334}