{"start": "09-18-52", "end": "09-20-51", "Vmax": 58.0, "Vm": 48.95933734939761, "Pi": 0.0, "Vmr": 48.95933734939761, "Aa": 0.45, "Ad": -0.11289156626506028, "Vsd": 2.5904994006272775, "Amax": 0.8000000000000043, "Amin": -1.8000000000000043, "Pa": 0.16666666666666666, "Pd": 0.8333333333333334, "Pc": 0.0, "Dh": 173.43132530120465, "Dsoc": 0.38152610441767365}