{"start": "17-14-36", "end": "17-16-35", "Vmax": 56.0, "Vm": 37.33666666666667, "Pi": 0.0, "Vmr": 37.33666666666667, "Aa": 1.135593220338983, "Ad": -0.9892857142857142, "Vsd": 9.940809942955072, "Amax": 2.200000000000003, "Amin": -3.200000000000003, "Pa": 0.49166666666666664, "Pd": 0.4666666666666667, "Pc": 0.041666666666666664, "Dh": -17.23333333333335, "Dsoc": 1.0}