{"start": "08-52-52", "end": "08-54-51", "Vmax": 51.0, "Vm": 42.791666666666664, "Pi": 0.0, "Vmr": 42.791666666666664, "Aa": 0.42424242424242425, "Ad": -0.3333333333333333, "Vsd": 4.974343605380354, "Amax": 0.8000000000000043, "Amin": -0.6000000000000014, "Pa": 0.275, "Pd": 0.375, "Pc": 0.35, "Dh": 33.799999999999955, "Dsoc": 1.0}