{"start": "10-06-03", "end": "10-08-02", "Vmax": 63.6, "Vm": 26.774166666666666, "Pi": 0.0, "Vmr": 26.774166666666666, "Aa": 0.9142857142857143, "Ad": -0.8, "Vsd": 11.35989921716252, "Amax": 3.4000000000000057, "Amin": -1.6000000000000014, "Pa": 0.525, "Pd": 0.20833333333333334, "Pc": 0.26666666666666666, "Dh": -75.59999999999991, "Dsoc": 1.0}