{"start": "10-26-03", "end": "10-28-02", "Vmax": 24.6, "Vm": 4.805000000000001, "Pi": 0.6166666666666667, "Vmr": 12.534782608695652, "Aa": 0.7666666666666667, "Ad": -0.6, "Vsd": 7.034009220514693, "Amax": 1.6000000000000014, "Amin": -0.6000000000000014, "Pa": 0.3, "Pd": 0.041666666666666664, "Pc": 0.6583333333333333, "Dh": 98.60000000000036, "Dsoc": 1.0}