{"start": "11-02-06", "end": "11-04-05", "Vmax": 57.0, "Vm": 21.23847222222223, "Pi": 0.175, "Vmr": 25.743602693602703, "Aa": 0.6324712643678169, "Ad": -1.8904761904761909, "Vsd": 21.932074675123463, "Amax": 2.8000000000000043, "Amin": -4.0, "Pa": 0.48333333333333334, "Pd": 0.35, "Pc": 0.16666666666666666, "Dh": -97.59999999999991, "Dsoc": 1.3666666666666671}