{"start": "11-16-06", "end": "11-18-05", "Vmax": 50.4, "Vm": 12.336666666666668, "Pi": 0.5, "Vmr": 24.673333333333336, "Aa": 0.9357142857142858, "Ad": -0.4, "Vsd": 18.477185265893183, "Amax": 2.400000000000002, "Amin": -0.40000000000000013, "Pa": 0.4666666666666667, "Pd": 0.041666666666666664, "Pc": 0.49166666666666664, "Dh": -52.80000000000007, "Dsoc": 1.0}