{"start": "09-38-52", "end": "09-40-51", "Vmax": 54.0, "Vm": 17.441666666666666, "Pi": 0.24166666666666667, "Vmr": 23.0, "Aa": 1.0483870967741935, "Ad": -0.55, "Vsd": 20.544273091612293, "Amax": 3.200000000000003, "Amin": -1.4000000000000004, "Pa": 0.5166666666666667, "Pd": 0.16666666666666666, "Pc": 0.31666666666666665, "Dh": -79.79999999999973, "Dsoc": 1.0}