{"start": "11-04-06", "end": "11-06-05", "Vmax": 26.35, "Vm": 16.10277777777778, "Pi": 0.0, "Vmr": 16.10277777777778, "Aa": 0.17222222222222222, "Ad": 0, "Vsd": 5.9907593450967624, "Amax": 0.17222222222222427, "Amin": 0.17222222222222072, "Pa": 1.0, "Pd": 0.0, "Pc": 0.0, "Dh": -23.799999999999955, "Dsoc": 1.3222222222222229}