{"start": "09-12-52", "end": "09-14-51", "Vmax": 56.0, "Vm": 52.48833333333334, "Pi": 0.0, "Vmr": 52.48833333333334, "Aa": 0.32142857142857145, "Ad": -0.39999999999999997, "Vsd": 2.281925285046807, "Amax": 0.6000000000000014, "Amin": -0.6000000000000014, "Pa": 0.4666666666666667, "Pd": 0.3416666666666667, "Pc": 0.19166666666666668, "Dh": 100.0, "Dsoc": 1.0}