{"start": "09-02-52", "end": "09-04-51", "Vmax": 54.0, "Vm": 48.31416666666667, "Pi": 0.0, "Vmr": 48.31416666666667, "Aa": 0.27567567567567575, "Ad": -0.46, "Vsd": 4.3841997578052805, "Amax": 0.6000000000000014, "Amin": -0.8000000000000043, "Pa": 0.30833333333333335, "Pd": 0.4166666666666667, "Pc": 0.275, "Dh": 188.64654088050315, "Dsoc": 1.138364779874209}