{"start": "09-10-52", "end": "09-12-51", "Vmax": 55.0, "Vm": 51.515740740740746, "Pi": 0.0, "Vmr": 51.515740740740746, "Aa": 0.07074214365881035, "Ad": -0.36, "Vsd": 1.4969693395805226, "Amax": 0.6000000000000014, "Amin": -0.6000000000000014, "Pa": 0.7333333333333333, "Pd": 0.20833333333333334, "Pc": 0.058333333333333334, "Dh": 40.91111111111104, "Dsoc": 0.6666666666666714}