{"start": "09-52-52", "end": "09-54-51", "Vmax": 42.80307692307692, "Vm": 41.70461538461538, "Pi": 0.0, "Vmr": 41.70461538461538, "Aa": 0, "Ad": -0.018461538461538456, "Vsd": 0.6421856171418864, "Amax": -0.018461538461536975, "Amin": -0.01846153846154408, "Pa": 0.0, "Pd": 1.0, "Pc": 0.0, "Dh": -181.2461538461539, "Dsoc": 0.3661538461538356}