{"start": "11-05-24", "end": "11-07-23", "Vmax": 32.139985107967235, "Vm": 31.829858525688756, "Pi": 0.0, "Vmr": 31.829858525688756, "Aa": 0.005212211466865213, "Ad": 0, "Vsd": 0.18130705869915495, "Amax": 0.005212211466869121, "Amin": 0.005212211466862016, "Pa": 1.0, "Pd": 0.0, "Pc": 0.0, "Dh": 386.32911392405003, "Dsoc": 0.8860759493670898}