{"start": "16-34-36", "end": "16-36-35", "Vmax": 90.0, "Vm": 81.29166666666667, "Pi": 0.0, "Vmr": 81.29166666666667, "Aa": 0.8333333333333334, "Ad": -0.5, "Vsd": 5.558846130999065, "Amax": 1.4000000000000057, "Amin": -1.6000000000000085, "Pa": 0.25, "Pd": 0.5, "Pc": 0.25, "Dh": -145.5999999999999, "Dsoc": 1.0}