{"start": "10-57-24", "end": "10-59-23", "Vmax": 29.63812360387193, "Vm": 29.327997021593436, "Pi": 0.0, "Vmr": 29.327997021593436, "Aa": 0.005212211466865243, "Ad": 0, "Vsd": 0.181307058699155, "Amax": 0.005212211466869121, "Amin": 0.005212211466862016, "Pa": 1.0, "Pd": 0.0, "Pc": 0.0, "Dh": 386.32911392405094, "Dsoc": 0.8860759493670827}