{"start": "09-56-52", "end": "09-58-51", "Vmax": 47.6, "Vm": 47.182029752899645, "Pi": 0.0, "Vmr": 47.182029752899645, "Aa": 0.00302571860816944, "Ad": -0.6000000000000014, "Vsd": 0.11082989120933184, "Amax": 0.003025718608171246, "Amin": -0.6000000000000014, "Pa": 0.9833333333333333, "Pd": 0.016666666666666666, "Pc": 0.0, "Dh": -9.689561270802187, "Dsoc": 0.3570347957639939}