{"start": "09-26-52", "end": "09-28-51", "Vmax": 52.0, "Vm": 50.038188705234155, "Pi": 0.0, "Vmr": 50.038188705234155, "Aa": 0.3870967741935484, "Ad": -0.20121536217792896, "Vsd": 1.7430013120237278, "Amax": 0.8000000000000043, "Amin": -0.4000000000000057, "Pa": 0.25833333333333336, "Pd": 0.2833333333333333, "Pc": 0.4583333333333333, "Dh": 128.090909090909, "Dsoc": 1.0330578512396755}