{"start": "15-42-36", "end": "15-44-35", "Vmax": 43.0, "Vm": 32.82083333333333, "Pi": 0.0, "Vmr": 32.82083333333333, "Aa": 0.9, "Ad": -0.4727272727272727, "Vsd": 8.680062973885935, "Amax": 2.6000000000000014, "Amin": -1.0, "Pa": 0.3333333333333333, "Pd": 0.4583333333333333, "Pc": 0.20833333333333334, "Dh": 154.4000000000001, "Dsoc": 1.0}