{"start": "08-46-52", "end": "08-48-51", "Vmax": 57.0, "Vm": 43.1375, "Pi": 0.0, "Vmr": 43.1375, "Aa": 0.840625, "Ad": -0.8086956521739131, "Vsd": 11.480600746944281, "Amax": 2.0, "Amin": -2.0, "Pa": 0.5333333333333333, "Pd": 0.38333333333333336, "Pc": 0.08333333333333333, "Dh": -19.200000000000045, "Dsoc": 1.0}