{"start": "13-45-47", "end": "13-47-46", "Vmax": 43.0, "Vm": 32.65166666666667, "Pi": 0.0, "Vmr": 32.65166666666667, "Aa": 0.6966666666666664, "Ad": -0.9272727272727271, "Vsd": 6.14094925097751, "Amax": 1.2000000000000028, "Amin": -2.0, "Pa": 0.5, "Pd": 0.4583333333333333, "Pc": 0.041666666666666664, "Dh": 314.8000000000002, "Dsoc": 1.0}