{"start": "10-10-03", "end": "10-12-02", "Vmax": 36.0, "Vm": 23.85166666666667, "Pi": 0.0, "Vmr": 23.85166666666667, "Aa": 1.5666666666666662, "Ad": -1.044117647058824, "Vsd": 8.082952112065145, "Amax": 2.200000000000001, "Amin": -3.200000000000003, "Pa": 0.35, "Pd": 0.5666666666666667, "Pc": 0.08333333333333333, "Dh": 101.59999999999991, "Dsoc": 2.0}