{"start": "15-52-36", "end": "15-54-35", "Vmax": 41.0, "Vm": 32.166666666666664, "Pi": 0.0, "Vmr": 32.166666666666664, "Aa": 0.785294117647059, "Ad": -0.7961538461538462, "Vsd": 4.536561710906482, "Amax": 2.200000000000003, "Amin": -3.0, "Pa": 0.5666666666666667, "Pd": 0.43333333333333335, "Pc": 0.0, "Dh": 180.59999999999945, "Dsoc": 1.0}