{"start": "11-20-02", "end": "11-22-01", "Vmax": 89.0, "Vm": 79.725, "Pi": 0.0, "Vmr": 79.725, "Aa": 0.47231638418079086, "Ad": -0.6076502732240436, "Vsd": 6.361277361757041, "Amax": 1.13333333333334, "Amin": -1.2000000000000028, "Pa": 0.49166666666666664, "Pd": 0.5083333333333333, "Pc": 0.0, "Dh": -161.20000000000005, "Dsoc": 2.0}