{"start": "16-20-05", "end": "16-22-04", "Vmax": 61.0, "Vm": 49.02277777777777, "Pi": 0.0, "Vmr": 49.02277777777777, "Aa": 0.45691056910569106, "Ad": -0.746875, "Vsd": 11.25224325250337, "Amax": 1.0, "Amin": -1.9333333333333371, "Pa": 0.3416666666666667, "Pd": 0.5333333333333333, "Pc": 0.125, "Dh": -148.53333333333342, "Dsoc": 2.0}