{"start": "16-54-05", "end": "16-56-04", "Vmax": 54.86538461538461, "Vm": 37.19074667616334, "Pi": 0.0, "Vmr": 37.19074667616334, "Aa": 0, "Ad": -0.2512939221272555, "Vsd": 9.216974208660057, "Amax": -0.1296296296296262, "Amin": -0.3269230769230802, "Pa": 0.0, "Pd": 1.0, "Pc": 0.0, "Dh": -40.452635327635335, "Dsoc": 7.019230769230769}