{"start": "10-15-10", "end": "10-17-09", "Vmax": 47.0, "Vm": 38.827037037037044, "Pi": 0.0, "Vmr": 38.827037037037044, "Aa": 0.2942896456828345, "Ad": -0.40606060606060607, "Vsd": 3.2848826514437066, "Amax": 0.5333333333333385, "Amin": -0.8666666666666742, "Pa": 0.6333333333333333, "Pd": 0.36666666666666664, "Pc": 0.0, "Dh": 582.6535947712418, "Dsoc": 0.15686274509803866}