{"start": "15-14-03", "end": "15-16-02", "Vmax": 60.0, "Vm": 44.875, "Pi": 0.008333333333333333, "Vmr": 45.252100840336134, "Aa": 0.795505617977528, "Ad": -0.36666666666666664, "Vsd": 16.400568327243494, "Amax": 1.6666666666666714, "Amin": -0.4000000000000057, "Pa": 0.7416666666666667, "Pd": 0.25, "Pc": 0.008333333333333333, "Dh": 2.0, "Dsoc": 3.0}