{"start": "11-17-48", "end": "11-19-47", "Vmax": 64.0, "Vm": 49.51500000000001, "Pi": 0.0, "Vmr": 49.51500000000001, "Aa": 0.7730769230769231, "Ad": -1.1272727272727272, "Vsd": 6.610898183296726, "Amax": 1.4000000000000057, "Amin": -2.0, "Pa": 0.43333333333333335, "Pd": 0.4583333333333333, "Pc": 0.10833333333333334, "Dh": -282.0, "Dsoc": 2.0}