{"start": "09-25-10", "end": "09-27-09", "Vmax": 31.333333333333332, "Vm": 14.011666666666665, "Pi": 0.0, "Vmr": 14.011666666666665, "Aa": 0.7054263565891472, "Ad": -0.3858156028368796, "Vsd": 4.60340200185286, "Amax": 1.3333333333333357, "Amin": -0.6666666666666679, "Pa": 0.35833333333333334, "Pd": 0.39166666666666666, "Pc": 0.25, "Dh": 54.799999999999955, "Dsoc": 1.0}