{"start": "16-52-05", "end": "16-54-04", "Vmax": 72.0, "Vm": 67.72483974358974, "Pi": 0.0, "Vmr": 67.72483974358974, "Aa": 0, "Ad": -0.19773755656108596, "Vsd": 4.931204691319531, "Amax": 0.0, "Amin": -0.3333333333333428, "Pa": 0.0, "Pd": 0.7083333333333334, "Pc": 0.2916666666666667, "Dh": -152.6064102564103, "Dsoc": 2.884615384615385}