{"start": "15-50-05", "end": "15-52-04", "Vmax": 54.4, "Vm": 47.30833333333333, "Pi": 0.0, "Vmr": 47.30833333333333, "Aa": 0.35555555555555557, "Ad": -2.0, "Vsd": 7.78271235354131, "Amax": 1.4000000000000057, "Amin": -2.0, "Pa": 0.75, "Pd": 0.125, "Pc": 0.125, "Dh": 158.5333333333333, "Dsoc": 2.0}