{"start": "10-04-44", "end": "10-06-43", "Vmax": 46.0, "Vm": 27.15, "Pi": 0.008333333333333333, "Vmr": 27.3781512605042, "Aa": 1.1, "Ad": -1.6200000000000008, "Vsd": 12.980949195525213, "Amax": 2.400000000000002, "Amin": -6.200000000000003, "Pa": 0.5833333333333334, "Pd": 0.4166666666666667, "Pc": 0.0, "Dh": 86.19999999999982, "Dsoc": 1.0}