{"start": "14-48-05", "end": "14-50-04", "Vmax": 68.86666666666666, "Vm": 65.51666666666667, "Pi": 0.0, "Vmr": 65.51666666666667, "Aa": 0.19022222222222213, "Ad": -0.2, "Vsd": 2.818257800630084, "Amax": 0.4000000000000057, "Amin": -0.20000000000000284, "Pa": 0.625, "Pd": 0.125, "Pc": 0.25, "Dh": 286.5999999999999, "Dsoc": 2.0}