{"start": "09-51-10", "end": "09-53-09", "Vmax": 56.0, "Vm": 47.40833333333333, "Pi": 0.0, "Vmr": 47.40833333333333, "Aa": 0.3111111111111111, "Ad": -0.37333333333333335, "Vsd": 5.808114755420918, "Amax": 0.6000000000000014, "Amin": -0.5333333333333385, "Pa": 0.375, "Pd": 0.625, "Pc": 0.0, "Dh": 108.59999999999991, "Dsoc": 1.0}