{"start": "10-01-10", "end": "10-03-09", "Vmax": 52.0, "Vm": 46.41166666666666, "Pi": 0.0, "Vmr": 46.41166666666666, "Aa": 0.328, "Ad": -0.4444444444444444, "Vsd": 3.203110795384231, "Amax": 0.6000000000000014, "Amin": -0.6000000000000014, "Pa": 0.625, "Pd": 0.375, "Pc": 0.0, "Dh": 131.4666666666667, "Dsoc": 1.0}