{"start": "16-14-05", "end": "16-16-04", "Vmax": 62.0, "Vm": 55.80277777777778, "Pi": 0.0, "Vmr": 55.80277777777778, "Aa": 0.19457364341085273, "Ad": -0.5941176470588236, "Vsd": 3.399592394234099, "Amax": 0.4000000000000057, "Amin": -0.8000000000000043, "Pa": 0.7166666666666667, "Pd": 0.2833333333333333, "Pc": 0.0, "Dh": -155.4666666666667, "Dsoc": 1.3333333333333321}