{"start": "15-44-05", "end": "15-46-04", "Vmax": 53.2, "Vm": 40.11666666666665, "Pi": 0.0, "Vmr": 40.11666666666665, "Aa": 0.4, "Ad": -0.4666666666666667, "Vsd": 7.27784584539911, "Amax": 1.3333333333333357, "Amin": -0.8666666666666742, "Pa": 0.75, "Pd": 0.25, "Pc": 0.0, "Dh": 43.46666666666658, "Dsoc": 0.7999999999999972}