{"start": "11-27-48", "end": "11-29-47", "Vmax": 53.0, "Vm": 37.21666666666667, "Pi": 0.041666666666666664, "Vmr": 38.834782608695654, "Aa": 0.7843137254901961, "Ad": -1.6545454545454548, "Vsd": 13.130875368960824, "Amax": 1.6000000000000014, "Amin": -7.0, "Pa": 0.425, "Pd": 0.4583333333333333, "Pc": 0.11666666666666667, "Dh": -126.20000000000005, "Dsoc": 1.0}