{"start": "15-47-54", "end": "15-49-53", "Vmax": 69.0, "Vm": 60.4075, "Pi": 0.0, "Vmr": 60.4075, "Aa": 0.6379746835443038, "Ad": -1.0, "Vsd": 5.464559378121181, "Amax": 1.8000000000000043, "Amin": -2.1666666666666714, "Pa": 0.6583333333333333, "Pd": 0.3, "Pc": 0.041666666666666664, "Dh": 79.0, "Dsoc": 1.0}