{"start": "16-45-44", "end": "16-47-43", "Vmax": 49.0, "Vm": 46.33333333333333, "Pi": 0.0, "Vmr": 46.33333333333333, "Aa": 0.44, "Ad": -0.52, "Vsd": 1.897957032274056, "Amax": 1.0, "Amin": -1.2000000000000028, "Pa": 0.4166666666666667, "Pd": 0.4166666666666667, "Pc": 0.16666666666666666, "Dh": -7.0, "Dsoc": 1.0}