{"start": "15-57-54", "end": "15-59-53", "Vmax": 63.0, "Vm": 39.20166666666667, "Pi": 0.008333333333333333, "Vmr": 39.53109243697479, "Aa": 1.2545454545454546, "Ad": -1.5559999999999996, "Vsd": 20.986121353149397, "Amax": 3.200000000000003, "Amin": -3.4000000000000057, "Pa": 0.4583333333333333, "Pd": 0.4166666666666667, "Pc": 0.125, "Dh": 91.40000000000009, "Dsoc": 2.0}