{"start": "09-12-44", "end": "09-14-43", "Vmax": 28.0, "Vm": 17.128333333333334, "Pi": 0.0, "Vmr": 17.128333333333334, "Aa": 1.228070175438597, "Ad": -0.9379310344827583, "Vsd": 5.2463862445926495, "Amax": 2.200000000000003, "Amin": -2.8000000000000007, "Pa": 0.475, "Pd": 0.48333333333333334, "Pc": 0.041666666666666664, "Dh": 56.59999999999991, "Dsoc": 1.0}