{"start": "15-25-54", "end": "15-27-53", "Vmax": 62.0, "Vm": 40.141666666666666, "Pi": 0.0, "Vmr": 40.141666666666666, "Aa": 0.6369230769230769, "Ad": -0.9090909090909092, "Vsd": 12.041452097959406, "Amax": 1.6000000000000014, "Amin": -2.0, "Pa": 0.5416666666666666, "Pd": 0.4583333333333333, "Pc": 0.0, "Dh": 81.79999999999995, "Dsoc": 2.0}