{"start": "15-53-54", "end": "15-55-53", "Vmax": 60.0, "Vm": 48.40999999999999, "Pi": 0.0, "Vmr": 48.40999999999999, "Aa": 0.6549019607843137, "Ad": -0.6188679245283019, "Vsd": 4.260417780437214, "Amax": 1.6000000000000014, "Amin": -1.4000000000000057, "Pa": 0.425, "Pd": 0.44166666666666665, "Pc": 0.13333333333333333, "Dh": 245.19999999999982, "Dsoc": 1.0}