{"start": "16-50-05", "end": "16-52-04", "Vmax": 72.0, "Vm": 59.6975, "Pi": 0.0, "Vmr": 59.6975, "Aa": 0.40298507462686567, "Ad": -0.32248062015503876, "Vsd": 7.317426991568073, "Amax": 0.681818181818187, "Amin": -0.7333333333333343, "Pa": 0.5583333333333333, "Pd": 0.35833333333333334, "Pc": 0.08333333333333333, "Dh": 138.06666666666683, "Dsoc": 2.0}