{"start": "09-38-44", "end": "09-40-43", "Vmax": 52.0, "Vm": 42.84166666666667, "Pi": 0.0, "Vmr": 42.84166666666667, "Aa": 0.6666666666666666, "Ad": -0.6, "Vsd": 3.603909719472233, "Amax": 1.8000000000000043, "Amin": -1.0, "Pa": 0.5, "Pd": 0.4583333333333333, "Pc": 0.041666666666666664, "Dh": 170.79999999999995, "Dsoc": 1.0}