{"start": "15-02-05", "end": "15-04-04", "Vmax": 70.0, "Vm": 63.92388888888889, "Pi": 0.0, "Vmr": 63.92388888888889, "Aa": 0.06666666666666705, "Ad": -0.16893939393939394, "Vsd": 4.194116156357867, "Amax": 0.06666666666667709, "Amin": -0.46666666666667567, "Pa": 0.14166666666666666, "Pd": 0.7333333333333333, "Pc": 0.125, "Dh": 32.266666666666765, "Dsoc": 2.0}