{"start": "15-54-03", "end": "15-56-02", "Vmax": 52.0, "Vm": 47.33833333333334, "Pi": 0.0, "Vmr": 47.33833333333334, "Aa": 0.28888888888888886, "Ad": -0.2288888888888889, "Vsd": 2.523867950277676, "Amax": 0.7333333333333343, "Amin": -0.3333333333333357, "Pa": 0.375, "Pd": 0.5, "Pc": 0.125, "Dh": 187.80000000000018, "Dsoc": 1.0}