{"start": "16-46-05", "end": "16-48-04", "Vmax": 65.0, "Vm": 59.07340579710145, "Pi": 0.0, "Vmr": 59.07340579710145, "Aa": 0.3579130434782608, "Ad": -0.6888888888888889, "Vsd": 6.87556572168642, "Amax": 1.06666666666667, "Amin": -1.6000000000000085, "Pa": 0.625, "Pd": 0.375, "Pc": 0.0, "Dh": -40.762318840579724, "Dsoc": 2.0}