{"start": "16-05-54", "end": "16-07-53", "Vmax": 62.0, "Vm": 52.95860071301248, "Pi": 0.0, "Vmr": 52.95860071301248, "Aa": 0.6, "Ad": -0.1884919786096257, "Vsd": 4.106437483224485, "Amax": 1.0, "Amin": -0.8000000000000043, "Pa": 0.125, "Pd": 0.8333333333333334, "Pc": 0.041666666666666664, "Dh": -201.8395721925133, "Dsoc": 1.4224598930481278}