{"start": "16-04-05", "end": "16-06-04", "Vmax": 65.33333333333333, "Vm": 62.516666666666666, "Pi": 0.0, "Vmr": 62.516666666666666, "Aa": 0.13777777777777772, "Ad": -0.1, "Vsd": 1.4362584964834226, "Amax": 0.2666666666666657, "Amin": -0.13333333333333997, "Pa": 0.625, "Pd": 0.25, "Pc": 0.125, "Dh": 112.13333333333333, "Dsoc": 2.0}