{"start": "16-41-39", "end": "16-43-38", "Vmax": 48.0, "Vm": 37.983333333333334, "Pi": 0.0, "Vmr": 37.983333333333334, "Aa": 0.6258064516129032, "Ad": -0.3990990990990991, "Vsd": 7.221253256841209, "Amax": 0.6666666666666714, "Amin": -1.13333333333334, "Pa": 0.25833333333333336, "Pd": 0.6166666666666667, "Pc": 0.125, "Dh": -120.5333333333333, "Dsoc": 1.0}