{"start": "11-30-02", "end": "11-32-01", "Vmax": 9.466666666666667, "Vm": 2.2605555555555554, "Pi": 0.26666666666666666, "Vmr": 3.0825757575757575, "Aa": 0.2494252873563218, "Ad": -0.2020833333333334, "Vsd": 2.559034939089998, "Amax": 0.40000000000000036, "Amin": -1.4666666666666686, "Pa": 0.48333333333333334, "Pd": 0.26666666666666666, "Pc": 0.25, "Dh": 21.93333333333328, "Dsoc": 2.0}