{"start": "10-17-10", "end": "10-19-09", "Vmax": 43.111111111111114, "Vm": 41.75000000000001, "Pi": 0.0, "Vmr": 41.75000000000001, "Aa": 0.02287581699346409, "Ad": 0, "Vsd": 0.7957365354018469, "Amax": 0.0228758169934693, "Amin": 0.022875816993462195, "Pa": 1.0, "Pd": 0.0, "Pc": 0.0, "Dh": 94.11111111111131, "Dsoc": 1.1666666666666572}