{"start": "09-46-44", "end": "09-48-43", "Vmax": 49.0, "Vm": 24.5375, "Pi": 0.05, "Vmr": 25.82894736842105, "Aa": 1.2066666666666668, "Ad": -0.8888888888888886, "Vsd": 16.554618630235197, "Amax": 2.0, "Amin": -2.200000000000003, "Pa": 0.5, "Pd": 0.375, "Pc": 0.125, "Dh": 81.60000000000014, "Dsoc": 1.0}