{"start": "15-33-54", "end": "15-35-53", "Vmax": 21.0, "Vm": 5.458333333333333, "Pi": 0.55, "Vmr": 12.12962962962963, "Aa": 1.0799999999999998, "Ad": -0.896551724137931, "Vsd": 7.130825300607716, "Amax": 1.6000000000000014, "Amin": -2.4000000000000004, "Pa": 0.20833333333333334, "Pd": 0.24166666666666667, "Pc": 0.55, "Dh": -57.0, "Dsoc": 1.0}