{"start": "11-43-48", "end": "11-45-47", "Vmax": 59.0, "Vm": 55.38666666666667, "Pi": 0.0, "Vmr": 55.38666666666667, "Aa": 0.264406779661017, "Ad": -0.3904761904761906, "Vsd": 2.6418396103114667, "Amax": 0.6000000000000014, "Amin": -0.6000000000000014, "Pa": 0.49166666666666664, "Pd": 0.175, "Pc": 0.3333333333333333, "Dh": -91.59999999999991, "Dsoc": 1.0}