{"start": "16-45-39", "end": "16-47-38", "Vmax": 48.0, "Vm": 46.098958333333336, "Pi": 0.0, "Vmr": 46.098958333333336, "Aa": 0.1328125, "Ad": -0.15555555555555556, "Vsd": 1.2279481390662346, "Amax": 0.20000000000000284, "Amin": -0.2666666666666728, "Pa": 0.26666666666666666, "Pd": 0.375, "Pc": 0.35833333333333334, "Dh": -25.208333333333258, "Dsoc": 1.0}