{"start": "16-36-05", "end": "16-38-04", "Vmax": 70.0, "Vm": 53.39083333333333, "Pi": 0.0, "Vmr": 53.39083333333333, "Aa": 0.475, "Ad": -0.5041666666666669, "Vsd": 9.871015157660523, "Amax": 0.7333333333333343, "Amin": -1.0, "Pa": 0.7333333333333333, "Pd": 0.26666666666666666, "Pc": 0.0, "Dh": -46.19999999999993, "Dsoc": 2.0}