{"start": "10-26-44", "end": "10-28-43", "Vmax": 51.0, "Vm": 44.45546296296297, "Pi": 0.0, "Vmr": 44.45546296296297, "Aa": 0.48214285714285715, "Ad": -0.5969261778785588, "Vsd": 3.5637402272563503, "Amax": 1.2000000000000028, "Amin": -1.8000000000000043, "Pa": 0.4666666666666667, "Pd": 0.4083333333333333, "Pc": 0.125, "Dh": 239.74845679012378, "Dsoc": 0.05246913580246826}