{"start": "10-11-10", "end": "10-13-09", "Vmax": 55.0, "Vm": 46.069166666666675, "Pi": 0.0, "Vmr": 46.069166666666675, "Aa": 0.6576271186440678, "Ad": -0.5475409836065573, "Vsd": 4.84937134354936, "Amax": 1.0625, "Amin": -0.8666666666666742, "Pa": 0.49166666666666664, "Pd": 0.5083333333333333, "Pc": 0.0, "Dh": 268.4666666666667, "Dsoc": 0.7999999999999972}