{"start": "16-00-03", "end": "16-02-02", "Vmax": 64.0, "Vm": 54.3225, "Pi": 0.0, "Vmr": 54.3225, "Aa": 0.48926553672316386, "Ad": -0.47540983606557374, "Vsd": 4.3525813627249965, "Amax": 1.4666666666666686, "Amin": -0.8125, "Pa": 0.49166666666666664, "Pd": 0.5083333333333333, "Pc": 0.0, "Dh": -130.86666666666633, "Dsoc": 1.0}