{"start": "15-34-03", "end": "15-36-02", "Vmax": 17.6, "Vm": 6.803333333333333, "Pi": 0.4, "Vmr": 11.338888888888889, "Aa": 0.5380952380952384, "Ad": -0.3333333333333333, "Vsd": 7.355748020759771, "Amax": 1.0, "Amin": -0.3333333333333357, "Pa": 0.35, "Pd": 0.125, "Pc": 0.525, "Dh": -51.26666666666665, "Dsoc": 2.0}