{"start": "10-12-02", "end": "10-14-01", "Vmax": 45.0, "Vm": 36.57000000000001, "Pi": 0.0, "Vmr": 36.57000000000001, "Aa": 0.5066666666666667, "Ad": -0.24761904761904757, "Vsd": 9.834708065134622, "Amax": 1.0, "Amin": -0.5333333333333385, "Pa": 0.625, "Pd": 0.35, "Pc": 0.025, "Dh": -82.80000000000007, "Dsoc": 2.0}