{"start": "10-36-02", "end": "10-38-01", "Vmax": 50.6, "Vm": 34.17, "Pi": 0.0, "Vmr": 34.17, "Aa": 0.5580645161290323, "Ad": -0.43103448275862066, "Vsd": 4.200216525475524, "Amax": 1.3333333333333357, "Amin": -1.0, "Pa": 0.5166666666666667, "Pd": 0.48333333333333334, "Pc": 0.0, "Dh": -36.39999999999998, "Dsoc": 2.0}