{"start": "10-10-44", "end": "10-12-43", "Vmax": 53.0, "Vm": 47.13333333333333, "Pi": 0.0, "Vmr": 47.13333333333333, "Aa": 0.6857142857142857, "Ad": -0.5228571428571429, "Vsd": 2.81810870881126, "Amax": 1.4000000000000057, "Amin": -1.2000000000000028, "Pa": 0.2916666666666667, "Pd": 0.5833333333333334, "Pc": 0.125, "Dh": 212.80000000000018, "Dsoc": 1.0}