{"start": "11-24-02", "end": "11-26-01", "Vmax": 85.0, "Vm": 68.79166666666667, "Pi": 0.0, "Vmr": 68.79166666666667, "Aa": 0.42702702702702705, "Ad": -1.2434782608695654, "Vsd": 14.25937289011761, "Amax": 1.2000000000000028, "Amin": -2.066666666666677, "Pa": 0.6166666666666667, "Pd": 0.38333333333333336, "Pc": 0.0, "Dh": -121.66666666666663, "Dsoc": 2.0}