{"start": "14-34-05", "end": "14-36-04", "Vmax": 79.0, "Vm": 74.89166666666667, "Pi": 0.0, "Vmr": 74.89166666666667, "Aa": 0.28888888888888886, "Ad": -0.5333333333333333, "Vsd": 5.164477262688392, "Amax": 0.5333333333333456, "Amin": -1.4000000000000057, "Pa": 0.375, "Pd": 0.375, "Pc": 0.25, "Dh": -185.9333333333334, "Dsoc": 2.0}