{"start": "14-52-05", "end": "14-54-04", "Vmax": 72.0, "Vm": 70.27027777777779, "Pi": 0.0, "Vmr": 70.27027777777779, "Aa": 0.0625, "Ad": -0.08390804597701138, "Vsd": 1.5060598622716563, "Amax": 0.0625, "Amin": -0.13333333333333997, "Pa": 0.13333333333333333, "Pd": 0.48333333333333334, "Pc": 0.38333333333333336, "Dh": -115.0666666666666, "Dsoc": 2.0}