{"start": "10-03-10", "end": "10-05-09", "Vmax": 57.0, "Vm": 47.95666666666666, "Pi": 0.0, "Vmr": 47.95666666666666, "Aa": 0.397037037037037, "Ad": -0.4666666666666667, "Vsd": 5.774470683217225, "Amax": 0.9333333333333371, "Amin": -0.8666666666666742, "Pa": 0.375, "Pd": 0.625, "Pc": 0.0, "Dh": 142.79999999999973, "Dsoc": 1.0}