{"start": "16-12-05", "end": "16-14-04", "Vmax": 67.0, "Vm": 63.01388888888887, "Pi": 0.0, "Vmr": 63.01388888888887, "Aa": 0.16622222222222224, "Ad": -0.2, "Vsd": 3.008545511371426, "Amax": 0.3333333333333428, "Amin": -0.2666666666666728, "Pa": 0.625, "Pd": 0.375, "Pc": 0.0, "Dh": -114.13333333333321, "Dsoc": 0.533333333333335}