{"start": "10-34-44", "end": "10-36-43", "Vmax": 21.666666666666668, "Vm": 17.993827160493833, "Pi": 0.0, "Vmr": 17.993827160493833, "Aa": 0, "Ad": -0.06172839506172837, "Vsd": 2.1472255717192685, "Amax": -0.06172839506172778, "Amin": -0.061728395061731334, "Pa": 0.0, "Pd": 1.0, "Pc": 0.0, "Dh": -323.76080246913534, "Dsoc": 0.3672839506172778}