{"start": "10-32-44", "end": "10-34-43", "Vmax": 29.074074074074076, "Vm": 25.401234567901238, "Pi": 0.0, "Vmr": 25.401234567901238, "Aa": 0, "Ad": -0.061728395061728406, "Vsd": 2.147225571719269, "Amax": -0.06172839506172778, "Amin": -0.061728395061731334, "Pa": 0.0, "Pd": 1.0, "Pc": 0.0, "Dh": -323.7608024691358, "Dsoc": 0.367283950617292}