{"start": "11-23-48", "end": "11-25-47", "Vmax": 55.6, "Vm": 44.666666666666664, "Pi": 0.0, "Vmr": 44.666666666666664, "Aa": 0.6666666666666666, "Ad": -0.6666666666666666, "Vsd": 5.519611077111959, "Amax": 1.4000000000000057, "Amin": -2.4000000000000057, "Pa": 0.375, "Pd": 0.5, "Pc": 0.125, "Dh": -101.79999999999995, "Dsoc": 1.0}