{"start": "16-30-05", "end": "16-32-04", "Vmax": 66.0, "Vm": 51.04833333333333, "Pi": 0.0, "Vmr": 51.04833333333333, "Aa": 0.464367816091954, "Ad": -1.6, "Vsd": 9.203003457697399, "Amax": 1.2000000000000028, "Amin": -1.6000000000000014, "Pa": 0.725, "Pd": 0.125, "Pc": 0.15, "Dh": 124.0666666666666, "Dsoc": 2.0}