{"start": "16-47-39", "end": "16-49-38", "Vmax": 48.0, "Vm": 43.54833333333334, "Pi": 0.0, "Vmr": 43.54833333333334, "Aa": 0.13333333333333333, "Ad": -0.3071428571428572, "Vsd": 3.4169507977779117, "Amax": 0.2666666666666728, "Amin": -0.4000000000000057, "Pa": 0.625, "Pd": 0.23333333333333334, "Pc": 0.14166666666666666, "Dh": 206.80000000000018, "Dsoc": 1.0}