{"start": "09-57-10", "end": "09-59-09", "Vmax": 55.0, "Vm": 46.65833333333334, "Pi": 0.0, "Vmr": 46.65833333333334, "Aa": 0.4333333333333333, "Ad": -0.5527777777777777, "Vsd": 6.741770582586986, "Amax": 0.9333333333333371, "Amin": -0.8666666666666742, "Pa": 0.4, "Pd": 0.6, "Pc": 0.0, "Dh": 258.8666666666668, "Dsoc": 0.20000000000000284}