{"start": "16-59-39", "end": "17-01-38", "Vmax": 66.0, "Vm": 55.450833333333335, "Pi": 0.0, "Vmr": 55.450833333333335, "Aa": 0.3114754098360656, "Ad": -0.18596491228070178, "Vsd": 5.022394572867099, "Amax": 0.5625, "Amin": -0.46666666666667567, "Pa": 0.5083333333333333, "Pd": 0.475, "Pc": 0.016666666666666666, "Dh": -26.866666666666674, "Dsoc": 1.0}