{"start": "11-02-02", "end": "11-04-01", "Vmax": 90.0, "Vm": 79.16354166666666, "Pi": 0.0, "Vmr": 79.16354166666666, "Aa": 0.6483333333333333, "Ad": 0, "Vsd": 13.30418114982441, "Amax": 1.375, "Amin": 0.0, "Pa": 0.625, "Pd": 0.0, "Pc": 0.375, "Dh": -40.25, "Dsoc": 2.0}