{"start": "14-30-05", "end": "14-32-04", "Vmax": 74.0, "Vm": 65.75500000000001, "Pi": 0.0, "Vmr": 65.75500000000001, "Aa": 0.4773333333333333, "Ad": -0.8888888888888888, "Vsd": 9.259279929541911, "Amax": 1.5333333333333385, "Amin": -2.0, "Pa": 0.625, "Pd": 0.375, "Pc": 0.0, "Dh": 192.60000000000002, "Dsoc": 2.0}