{"start": "10-37-10", "end": "10-39-09", "Vmax": 54.0, "Vm": 48.49166666666667, "Pi": 0.0, "Vmr": 48.49166666666667, "Aa": 0.36666666666666664, "Ad": -0.21666666666666667, "Vsd": 3.1256782643950536, "Amax": 0.6666666666666714, "Amin": -0.2666666666666728, "Pa": 0.25, "Pd": 0.5, "Pc": 0.25, "Dh": -163.0666666666666, "Dsoc": 1.0}