{"start": "15-46-05", "end": "15-48-04", "Vmax": 55.0, "Vm": 37.391666666666666, "Pi": 0.0, "Vmr": 37.391666666666666, "Aa": 1.1555555555555554, "Ad": -1.8, "Vsd": 20.089206400922397, "Amax": 2.1333333333333364, "Amin": -3.4666666666666686, "Pa": 0.375, "Pd": 0.25, "Pc": 0.375, "Dh": 137.79999999999995, "Dsoc": 1.06666666666667}