{"start": "10-19-10", "end": "10-21-09", "Vmax": 45.8562091503268, "Vm": 44.49509803921569, "Pi": 0.0, "Vmr": 44.49509803921569, "Aa": 0.02287581699346403, "Ad": 0, "Vsd": 0.795736535401847, "Amax": 0.0228758169934693, "Amin": 0.022875816993462195, "Pa": 1.0, "Pd": 0.0, "Pc": 0.0, "Dh": 94.11111111111131, "Dsoc": 1.1666666666666714}