{"start": "16-06-03", "end": "16-08-02", "Vmax": 64.0, "Vm": 57.51388888888889, "Pi": 0.0, "Vmr": 57.51388888888889, "Aa": 0.44848484848484843, "Ad": -0.36, "Vsd": 3.0589281955565966, "Amax": 0.8000000000000043, "Amin": -0.8000000000000043, "Pa": 0.4583333333333333, "Pd": 0.4166666666666667, "Pc": 0.125, "Dh": -115.5333333333333, "Dsoc": 0.6666666666666679}