{"start": "09-49-10", "end": "09-51-09", "Vmax": 54.0, "Vm": 50.14833333333333, "Pi": 0.0, "Vmr": 50.14833333333333, "Aa": 0.275, "Ad": -0.21666666666666665, "Vsd": 2.662804801663972, "Amax": 0.46666666666666856, "Amin": -0.46666666666666856, "Pa": 0.5333333333333333, "Pd": 0.4666666666666667, "Pc": 0.0, "Dh": 58.86666666666656, "Dsoc": 0.20000000000000284}