{"start": "10-54-02", "end": "10-56-01", "Vmax": 68.4, "Vm": 40.41611111111111, "Pi": 0.0, "Vmr": 40.41611111111111, "Aa": 1.2852459016393436, "Ad": -1.1774011299435028, "Vsd": 13.218514011313419, "Amax": 1.9333333333333371, "Amin": -2.200000000000003, "Pa": 0.5083333333333333, "Pd": 0.49166666666666664, "Pc": 0.0, "Dh": -30.133333333333326, "Dsoc": 2.0}