{"start": "17-03-39", "end": "17-05-38", "Vmax": 77.0, "Vm": 58.10666666666667, "Pi": 0.0, "Vmr": 58.10666666666667, "Aa": 0.6222222222222222, "Ad": -0.19333333333333325, "Vsd": 17.81833087111921, "Amax": 1.06666666666667, "Amin": -1.0, "Pa": 0.75, "Pd": 0.25, "Pc": 0.0, "Dh": -15.666666666666629, "Dsoc": 1.0}