{"start": "10-44-02", "end": "10-46-01", "Vmax": 60.0, "Vm": 52.91333333333333, "Pi": 0.0, "Vmr": 52.91333333333333, "Aa": 0.5298850574712644, "Ad": -0.48333333333333334, "Vsd": 5.9751967881677, "Amax": 1.4666666666666686, "Amin": -1.2666666666666728, "Pa": 0.48333333333333334, "Pd": 0.5, "Pc": 0.016666666666666666, "Dh": 261.5333333333333, "Dsoc": 0.2666666666666657}