{"start": "10-25-10", "end": "10-27-09", "Vmax": 48.0, "Vm": 35.652777777777786, "Pi": 0.0, "Vmr": 35.652777777777786, "Aa": 0.5428571428571428, "Ad": -0.39333333333333337, "Vsd": 9.885601091105281, "Amax": 1.4000000000000057, "Amin": -0.7333333333333343, "Pa": 0.5833333333333334, "Pd": 0.4166666666666667, "Pc": 0.0, "Dh": 210.0666666666666, "Dsoc": 1.0}