{"start": "16-03-54", "end": "16-05-53", "Vmax": 72.0, "Vm": 55.483333333333334, "Pi": 0.0, "Vmr": 55.483333333333334, "Aa": 1.0909090909090908, "Ad": -1.1440000000000001, "Vsd": 5.329769467531483, "Amax": 2.4000000000000057, "Amin": -4.0, "Pa": 0.4583333333333333, "Pd": 0.4166666666666667, "Pc": 0.125, "Dh": -302.4000000000001, "Dsoc": 1.0}