{"start": "10-28-44", "end": "10-30-43", "Vmax": 43.888888888888886, "Vm": 40.216049382716065, "Pi": 0.0, "Vmr": 40.216049382716065, "Aa": 0, "Ad": -0.06172839506172843, "Vsd": 2.1472255717192694, "Amax": -0.061728395061720676, "Amin": -0.061728395061734886, "Pa": 0.0, "Pd": 1.0, "Pc": 0.0, "Dh": -323.76080246913534, "Dsoc": 0.3672839506172778}