{"start": "15-22-03", "end": "15-24-02", "Vmax": 60.0, "Vm": 56.60222222222223, "Pi": 0.0, "Vmr": 56.60222222222223, "Aa": 0.24444444444444444, "Ad": -0.1416666666666666, "Vsd": 3.644387966131119, "Amax": 0.3333333333333357, "Amin": -0.2666666666666657, "Pa": 0.375, "Pd": 0.26666666666666666, "Pc": 0.35833333333333334, "Dh": 171.26666666666665, "Dsoc": 1.0}