{"start": "10-24-44", "end": "10-26-43", "Vmax": 49.0, "Vm": 32.220000000000006, "Pi": 0.0, "Vmr": 32.220000000000006, "Aa": 0.7230769230769231, "Ad": -0.7041666666666666, "Vsd": 11.59601206442626, "Amax": 3.200000000000003, "Amin": -2.200000000000001, "Pa": 0.5416666666666666, "Pd": 0.4, "Pc": 0.058333333333333334, "Dh": 147.39999999999964, "Dsoc": 1.0}