{"start": "16-39-44", "end": "16-41-43", "Vmax": 53.0, "Vm": 47.9, "Pi": 0.0, "Vmr": 47.9, "Aa": 0.6363636363636364, "Ad": -0.5818181818181818, "Vsd": 3.198213787189878, "Amax": 2.0, "Amin": -2.0, "Pa": 0.4583333333333333, "Pd": 0.4583333333333333, "Pc": 0.08333333333333333, "Dh": -74.79999999999995, "Dsoc": 1.0}