{"start": "17-17-39", "end": "17-19-38", "Vmax": 87.0, "Vm": 55.24500000000001, "Pi": 0.225, "Vmr": 71.28387096774195, "Aa": 0.7822916666666666, "Ad": -3.1333333333333333, "Vsd": 33.63286614817123, "Amax": 2.2666666666666657, "Amin": -5.666666666666671, "Pa": 0.5333333333333333, "Pd": 0.25, "Pc": 0.21666666666666667, "Dh": 77.19999999999993, "Dsoc": 1.0}