{"start": "15-31-54", "end": "15-33-53", "Vmax": 2.0, "Vm": 0.125, "Pi": 0.8833333333333333, "Vmr": 1.0714285714285714, "Aa": 0.4, "Ad": -0.2, "Vsd": 0.39241763038713673, "Amax": 0.40000000000000013, "Amin": -0.20000000000000018, "Pa": 0.041666666666666664, "Pd": 0.08333333333333333, "Pc": 0.875, "Dh": 13.599999999999909, "Dsoc": 1.0}