{"start": "10-28-02", "end": "10-30-01", "Vmax": 51.6, "Vm": 47.95666666666667, "Pi": 0.0, "Vmr": 47.95666666666667, "Aa": 0.2625, "Ad": -0.34074074074074084, "Vsd": 1.9960867411624748, "Amax": 0.5333333333333385, "Amin": -0.4000000000000057, "Pa": 0.4, "Pd": 0.225, "Pc": 0.375, "Dh": -75.13333333333344, "Dsoc": 2.0}