{"start": "16-57-44", "end": "16-59-43", "Vmax": 60.0, "Vm": 46.96666666666667, "Pi": 0.0, "Vmr": 46.96666666666667, "Aa": 0.9, "Ad": -0.9294117647058823, "Vsd": 12.409493068102455, "Amax": 2.0, "Amin": -2.8000000000000043, "Pa": 0.5, "Pd": 0.425, "Pc": 0.075, "Dh": -45.60000000000002, "Dsoc": 1.0}