{"start": "14-38-05", "end": "14-40-04", "Vmax": 67.0, "Vm": 59.858333333333334, "Pi": 0.0, "Vmr": 59.858333333333334, "Aa": 0.6666666666666666, "Ad": -0.5888888888888889, "Vsd": 9.132376659704482, "Amax": 1.4666666666666686, "Amin": -1.2000000000000028, "Pa": 0.375, "Pd": 0.375, "Pc": 0.25, "Dh": -84.36249999999995, "Dsoc": 2.0}