{"start": "09-20-44", "end": "09-22-43", "Vmax": 40.0, "Vm": 26.316666666666666, "Pi": 0.0, "Vmr": 26.316666666666666, "Aa": 0.8153846153846152, "Ad": -0.68, "Vsd": 10.596482160305344, "Amax": 1.6000000000000014, "Amin": -1.4000000000000021, "Pa": 0.5416666666666666, "Pd": 0.20833333333333334, "Pc": 0.25, "Dh": 215.0, "Dsoc": 1.0}