{"start": "15-45-54", "end": "15-47-53", "Vmax": 56.0, "Vm": 49.725, "Pi": 0.0, "Vmr": 49.725, "Aa": 0.4043478260869566, "Ad": -0.4816326530612245, "Vsd": 3.606163025253557, "Amax": 1.2000000000000028, "Amin": -0.8000000000000043, "Pa": 0.38333333333333336, "Pd": 0.4083333333333333, "Pc": 0.20833333333333334, "Dh": 138.0, "Dsoc": 1.0}