{"start": "11-19-48", "end": "11-21-47", "Vmax": 52.098901098901095, "Vm": 46.07135531135532, "Pi": 0.0, "Vmr": 46.07135531135532, "Aa": 0.24104106419895888, "Ad": -0.65, "Vsd": 3.6241373005615274, "Amax": 1.0, "Amin": -1.2000000000000028, "Pa": 0.7916666666666666, "Pd": 0.16666666666666666, "Pc": 0.041666666666666664, "Dh": -172.0241758241757, "Dsoc": 0.7362637362637372}