{"start": "10-33-10", "end": "10-35-09", "Vmax": 52.0, "Vm": 45.83521505376344, "Pi": 0.0, "Vmr": 45.83521505376344, "Aa": 0.24444444444444444, "Ad": -0.18365591397849462, "Vsd": 2.1692230447716003, "Amax": 0.5333333333333385, "Amin": -0.3333333333333357, "Pa": 0.375, "Pd": 0.625, "Pc": 0.0, "Dh": -532.425806451613, "Dsoc": 1.0935483870967744}