{"start": "15-48-03", "end": "15-50-02", "Vmax": 67.0, "Vm": 60.43166666666666, "Pi": 0.0, "Vmr": 60.43166666666666, "Aa": 0.2459259259259259, "Ad": -0.3333333333333333, "Vsd": 4.24063278138471, "Amax": 0.6000000000000014, "Amin": -0.46666666666666856, "Pa": 0.75, "Pd": 0.25, "Pc": 0.0, "Dh": 135.06666666666683, "Dsoc": 1.0}