{"start": "15-28-03", "end": "15-30-02", "Vmax": 44.0, "Vm": 24.93111111111111, "Pi": 0.008333333333333333, "Vmr": 25.1406162464986, "Aa": 1.1000000000000003, "Ad": -0.9411111111111113, "Vsd": 13.713599630104953, "Amax": 2.1333333333333364, "Amin": -1.6000000000000014, "Pa": 0.5, "Pd": 0.5, "Pc": 0.0, "Dh": 51.13333333333321, "Dsoc": 1.0}