{"start": "09-41-10", "end": "09-43-09", "Vmax": 53.0, "Vm": 48.934999999999995, "Pi": 0.0, "Vmr": 48.934999999999995, "Aa": 0.21269841269841266, "Ad": -0.20350877192982458, "Vsd": 2.3133673582205434, "Amax": 0.8000000000000043, "Amin": -0.3333333333333357, "Pa": 0.525, "Pd": 0.475, "Pc": 0.0, "Dh": -196.1333333333332, "Dsoc": 1.0}