{"start": "10-48-02", "end": "10-50-01", "Vmax": 81.0, "Vm": 68.38111111111111, "Pi": 0.0, "Vmr": 68.38111111111111, "Aa": 0.49130434782608684, "Ad": -0.5401129943502824, "Vsd": 5.0601253907200885, "Amax": 0.9333333333333371, "Amin": -1.13333333333334, "Pa": 0.38333333333333336, "Pd": 0.49166666666666664, "Pc": 0.125, "Dh": -152.0, "Dsoc": 2.0}