{"start": "09-32-44", "end": "09-34-43", "Vmax": 34.0, "Vm": 25.875000000000004, "Pi": 0.0, "Vmr": 25.875000000000004, "Aa": 0.7245283018867925, "Ad": -0.8115384615384619, "Vsd": 4.648613037735362, "Amax": 1.3333333333333357, "Amin": -2.200000000000003, "Pa": 0.44166666666666665, "Pd": 0.43333333333333335, "Pc": 0.125, "Dh": 34.799999999999955, "Dsoc": 1.0}