{"start": "09-19-10", "end": "09-21-09", "Vmax": 12.0, "Vm": 8.196388888888889, "Pi": 0.0, "Vmr": 8.196388888888889, "Aa": 0.17625570776255703, "Ad": -0.4549019607843138, "Vsd": 2.2720646851257515, "Amax": 0.40000000000000213, "Amin": -0.7333333333333343, "Pa": 0.6083333333333333, "Pd": 0.14166666666666666, "Pc": 0.25, "Dh": -72.73333333333335, "Dsoc": 1.0}