{"start": "15-20-03", "end": "15-22-02", "Vmax": 65.0, "Vm": 59.46666666666667, "Pi": 0.0, "Vmr": 59.46666666666667, "Aa": 0.23333333333333336, "Ad": -0.2666666666666667, "Vsd": 3.592657726876255, "Amax": 0.7333333333333343, "Amin": -0.46666666666666856, "Pa": 0.5166666666666667, "Pd": 0.48333333333333334, "Pc": 0.0, "Dh": 10.066666666666606, "Dsoc": 1.0}