{"start": "09-47-10", "end": "09-49-09", "Vmax": 49.0, "Vm": 31.85166666666667, "Pi": 0.0, "Vmr": 31.85166666666667, "Aa": 0.7448888888888887, "Ad": -0.5333333333333333, "Vsd": 12.263635182895799, "Amax": 1.3333333333333357, "Amin": -0.8666666666666742, "Pa": 0.625, "Pd": 0.375, "Pc": 0.0, "Dh": 113.20000000000005, "Dsoc": 0.7333333333333343}