{"start": "10-21-10", "end": "10-23-09", "Vmax": 52.0, "Vm": 47.199809368191715, "Pi": 0.0, "Vmr": 47.199809368191715, "Aa": 0.17679738562091502, "Ad": -0.6, "Vsd": 2.7733682509657838, "Amax": 0.6000000000000014, "Amin": -1.4000000000000057, "Pa": 0.6666666666666666, "Pd": 0.3333333333333333, "Pc": 0.0, "Dh": -109.24836601307197, "Dsoc": 1.4803921568627487}