{"start": "10-53-10", "end": "10-55-09", "Vmax": 50.2, "Vm": 46.5625, "Pi": 0.0, "Vmr": 46.5625, "Aa": 0.1820224719101124, "Ad": -0.3208333333333333, "Vsd": 2.64442867828708, "Amax": 0.5333333333333385, "Amin": -0.3333333333333357, "Pa": 0.7416666666666667, "Pd": 0.13333333333333333, "Pc": 0.125, "Dh": -123.23999999999978, "Dsoc": 1.0}