{"start": "09-33-10", "end": "09-35-09", "Vmax": 35.0, "Vm": 24.92666666666667, "Pi": 0.0, "Vmr": 24.92666666666667, "Aa": 0.2736842105263158, "Ad": -0.5696969696969697, "Vsd": 3.4408693232011007, "Amax": 0.6000000000000014, "Amin": -0.9333333333333371, "Pa": 0.475, "Pd": 0.275, "Pc": 0.25, "Dh": -0.7999999999999545, "Dsoc": 1.0}