{"start": "10-06-44", "end": "10-08-43", "Vmax": 52.0, "Vm": 44.333333333333336, "Pi": 0.0, "Vmr": 44.333333333333336, "Aa": 0.6153846153846154, "Ad": -0.625, "Vsd": 3.578491615317319, "Amax": 1.6000000000000014, "Amin": -1.6000000000000014, "Pa": 0.5416666666666666, "Pd": 0.3333333333333333, "Pc": 0.125, "Dh": 196.4000000000001, "Dsoc": 1.0}