{"start": "15-51-54", "end": "15-53-53", "Vmax": 60.0, "Vm": 49.86, "Pi": 0.0, "Vmr": 49.86, "Aa": 0.6222222222222222, "Ad": -0.6350877192982457, "Vsd": 5.443713512550296, "Amax": 1.0, "Amin": -1.8000000000000043, "Pa": 0.375, "Pd": 0.475, "Pc": 0.15, "Dh": 146.5999999999999, "Dsoc": 1.0}