{"start": "10-27-10", "end": "10-29-09", "Vmax": 52.0, "Vm": 45.68198924731181, "Pi": 0.0, "Vmr": 45.68198924731181, "Aa": 0.58, "Ad": -0.3433179723502304, "Vsd": 5.7105943697857215, "Amax": 1.2000000000000028, "Amin": -0.9333333333333371, "Pa": 0.4166666666666667, "Pd": 0.5833333333333334, "Pc": 0.0, "Dh": 59.58279569892511, "Dsoc": 0.12903225806451246}