{"start": "16-08-05", "end": "16-10-04", "Vmax": 59.0, "Vm": 55.29861111111112, "Pi": 0.0, "Vmr": 55.29861111111112, "Aa": 0.3333333333333333, "Ad": -0.08707482993197277, "Vsd": 4.731333824986453, "Amax": 1.2666666666666728, "Amin": -0.13333333333333997, "Pa": 0.5916666666666667, "Pd": 0.4083333333333333, "Pc": 0.0, "Dh": 189.60000000000014, "Dsoc": 2.0}