{"start": "15-56-05", "end": "15-58-04", "Vmax": 57.0, "Vm": 37.99166666666668, "Pi": 0.0, "Vmr": 37.99166666666668, "Aa": 0.8923076923076918, "Ad": -1.6666666666666667, "Vsd": 12.90497211628638, "Amax": 2.266666666666673, "Amin": -2.7333333333333343, "Pa": 0.5416666666666666, "Pd": 0.375, "Pc": 0.08333333333333333, "Dh": -106.93333333333328, "Dsoc": 0.6666666666666679}