{"start": "15-22-05", "end": "15-24-04", "Vmax": 58.46666666666667, "Vm": 46.08166666666666, "Pi": 0.0, "Vmr": 46.08166666666666, "Aa": 0.8152046783625732, "Ad": -0.7, "Vsd": 12.911110922280555, "Amax": 1.75, "Amin": -2.3333333333333357, "Pa": 0.475, "Pd": 0.5, "Pc": 0.025, "Dh": -7.199999999999932, "Dsoc": 1.4666666666666686}