{"start": "09-48-02", "end": "09-50-01", "Vmax": 32.0, "Vm": 15.475, "Pi": 0.0, "Vmr": 15.475, "Aa": 0.4488888888888886, "Ad": -0.5866666666666664, "Vsd": 9.99542962785383, "Amax": 1.0, "Amin": -1.2666666666666693, "Pa": 0.375, "Pd": 0.625, "Pc": 0.0, "Dh": 67.39999999999998, "Dsoc": 2.0}