{"start": "10-09-10", "end": "10-11-09", "Vmax": 59.0, "Vm": 47.30666666666666, "Pi": 0.0, "Vmr": 47.30666666666666, "Aa": 0.2935483870967742, "Ad": -0.5333333333333333, "Vsd": 4.577053961795477, "Amax": 0.6000000000000014, "Amin": -0.8666666666666742, "Pa": 0.5166666666666667, "Pd": 0.375, "Pc": 0.10833333333333334, "Dh": 233.26666666666688, "Dsoc": 0.13333333333333997}