{"start": "10-12-44", "end": "10-14-43", "Vmax": 47.0, "Vm": 41.09083333333333, "Pi": 0.0, "Vmr": 41.09083333333333, "Aa": 0.7958333333333334, "Ad": -0.7423076923076923, "Vsd": 3.9492578992998264, "Amax": 1.4000000000000021, "Amin": -2.8000000000000043, "Pa": 0.4, "Pd": 0.43333333333333335, "Pc": 0.16666666666666666, "Dh": 419.1999999999998, "Dsoc": 0.5999999999999943}