{"start": "10-41-10", "end": "10-43-09", "Vmax": 54.0, "Vm": 24.075000000000003, "Pi": 0.38333333333333336, "Vmr": 39.04054054054055, "Aa": 0.9, "Ad": -0.8000000000000002, "Vsd": 21.496689971680805, "Amax": 2.200000000000003, "Amin": -0.8000000000000043, "Pa": 0.5, "Pd": 0.11666666666666667, "Pc": 0.38333333333333336, "Dh": -145.5999999999999, "Dsoc": 1.0}