{"start": "10-22-44", "end": "10-24-43", "Vmax": 50.0, "Vm": 27.8875, "Pi": 0.0, "Vmr": 27.8875, "Aa": 0.9538461538461541, "Ad": -1.4846153846153844, "Vsd": 10.236233097216065, "Amax": 2.6000000000000014, "Amin": -3.0, "Pa": 0.5416666666666666, "Pd": 0.43333333333333335, "Pc": 0.025, "Dh": -61.80000000000018, "Dsoc": 1.0}