{"start": "09-15-10", "end": "09-17-09", "Vmax": 43.0, "Vm": 25.61666666666667, "Pi": 0.0, "Vmr": 25.61666666666667, "Aa": 0.7189189189189185, "Ad": -1.1333333333333335, "Vsd": 9.904761231415623, "Amax": 1.0666666666666682, "Amin": -1.7333333333333343, "Pa": 0.6166666666666667, "Pd": 0.38333333333333336, "Pc": 0.0, "Dh": 140.66666666666674, "Dsoc": 1.0}