{"start": "10-05-10", "end": "10-07-09", "Vmax": 45.53333333333333, "Vm": 26.419999999999998, "Pi": 0.008333333333333333, "Vmr": 26.642016806722687, "Aa": 0.7696296296296291, "Ad": -1.9333333333333333, "Vsd": 11.435047278251002, "Amax": 1.4000000000000057, "Amin": -2.7333333333333343, "Pa": 0.75, "Pd": 0.25, "Pc": 0.0, "Dh": 141.66666666666652, "Dsoc": 1.0}