{"start": "15-10-05", "end": "15-12-04", "Vmax": 67.0, "Vm": 62.870000000000005, "Pi": 0.0, "Vmr": 62.870000000000005, "Aa": 0.40317460317460324, "Ad": -0.5904761904761904, "Vsd": 5.808245209897794, "Amax": 1.2666666666666728, "Amin": -1.5333333333333385, "Pa": 0.525, "Pd": 0.35, "Pc": 0.125, "Dh": -100.13333333333321, "Dsoc": 2.0}