{"start": "14-28-05", "end": "14-30-04", "Vmax": 73.2, "Vm": 65.59111111111112, "Pi": 0.0, "Vmr": 65.59111111111112, "Aa": 0.5084444444444446, "Ad": -0.4666666666666667, "Vsd": 4.228858512642652, "Amax": 1.4666666666666686, "Amin": -0.6666666666666714, "Pa": 0.625, "Pd": 0.25, "Pc": 0.125, "Dh": -59.133333333333326, "Dsoc": 2.0}