{"start": "15-24-03", "end": "15-26-02", "Vmax": 59.0, "Vm": 54.65333333333333, "Pi": 0.0, "Vmr": 54.65333333333333, "Aa": 0.19310344827586212, "Ad": -0.23333333333333334, "Vsd": 3.3641666397795187, "Amax": 0.4000000000000057, "Amin": -0.6666666666666714, "Pa": 0.48333333333333334, "Pd": 0.5, "Pc": 0.016666666666666666, "Dh": 234.0666666666666, "Dsoc": 1.0}