{"start": "15-58-03", "end": "16-00-02", "Vmax": 65.0, "Vm": 38.61, "Pi": 0.0, "Vmr": 38.61, "Aa": 1.6861788617886184, "Ad": -0.8683544303797471, "Vsd": 20.830848075853524, "Amax": 2.7333333333333343, "Amin": -2.3333333333333357, "Pa": 0.3416666666666667, "Pd": 0.6583333333333333, "Pc": 0.0, "Dh": 68.0, "Dsoc": 1.1999999999999993}