{"start": "11-08-02", "end": "11-10-01", "Vmax": 72.0, "Vm": 65.34166666666667, "Pi": 0.0, "Vmr": 65.34166666666667, "Aa": 0.22666666666666666, "Ad": -0.5555555555555556, "Vsd": 4.889414335993587, "Amax": 0.6666666666666714, "Amin": -1.13333333333334, "Pa": 0.625, "Pd": 0.375, "Pc": 0.0, "Dh": -82.20000000000005, "Dsoc": 2.0}