{"start": "11-35-48", "end": "11-37-47", "Vmax": 64.0, "Vm": 52.752500000000005, "Pi": 0.0, "Vmr": 52.752500000000005, "Aa": 0.37037037037037035, "Ad": -0.2918918918918918, "Vsd": 5.250191695402056, "Amax": 0.8000000000000043, "Amin": -0.4000000000000057, "Pa": 0.675, "Pd": 0.30833333333333335, "Pc": 0.016666666666666666, "Dh": -171.80000000000018, "Dsoc": 1.0}