{"start": "11-16-02", "end": "11-18-01", "Vmax": 87.0, "Vm": 75.08333333333333, "Pi": 0.0, "Vmr": 75.08333333333333, "Aa": 0.43478260869565216, "Ad": -0.6342342342342343, "Vsd": 10.180114630668823, "Amax": 0.5333333333333456, "Amin": -2.066666666666677, "Pa": 0.38333333333333336, "Pd": 0.6166666666666667, "Pc": 0.0, "Dh": 275.20000000000016, "Dsoc": 1.86666666666666}