{"start": "16-53-39", "end": "16-55-38", "Vmax": 63.0, "Vm": 57.098333333333336, "Pi": 0.0, "Vmr": 57.098333333333336, "Aa": 0.23687943262411346, "Ad": -0.2367816091954023, "Vsd": 3.566500035375615, "Amax": 0.4000000000000057, "Amin": -0.3333333333333357, "Pa": 0.39166666666666666, "Pd": 0.48333333333333334, "Pc": 0.125, "Dh": -169.13333333333344, "Dsoc": 1.0}