{"start": "15-26-03", "end": "15-28-02", "Vmax": 57.0, "Vm": 38.21166666666667, "Pi": 0.0, "Vmr": 38.21166666666667, "Aa": 0.5489361702127659, "Ad": -0.9586206896551726, "Vsd": 10.955759136787616, "Amax": 1.2000000000000028, "Amin": -1.2000000000000028, "Pa": 0.39166666666666666, "Pd": 0.48333333333333334, "Pc": 0.125, "Dh": 163.73333333333312, "Dsoc": 1.0}