{"start": "17-25-39", "end": "17-27-38", "Vmax": 51.0, "Vm": 24.926666666666666, "Pi": 0.0, "Vmr": 24.926666666666666, "Aa": 0.7166666666666671, "Ad": -1.1941975308641977, "Vsd": 12.873508277136692, "Amax": 0.9333333333333371, "Amin": -1.6956521739130466, "Pa": 0.5, "Pd": 0.5, "Pc": 0.0, "Dh": 56.39999999999998, "Dsoc": 2.0}