{"start": "16-42-05", "end": "16-44-04", "Vmax": 83.0, "Vm": 58.84166666666667, "Pi": 0.15, "Vmr": 69.22549019607843, "Aa": 0.6609195402298851, "Ad": -1.8444444444444446, "Vsd": 29.53120056351737, "Amax": 1.3333333333333357, "Amin": -5.0, "Pa": 0.48333333333333334, "Pd": 0.375, "Pc": 0.14166666666666666, "Dh": 84.79999999999995, "Dsoc": 2.0}