{"start": "10-30-44", "end": "10-32-43", "Vmax": 36.48148148148148, "Vm": 32.80864197530864, "Pi": 0.0, "Vmr": 32.80864197530864, "Aa": 0, "Ad": -0.06172839506172837, "Vsd": 2.147225571719269, "Amax": -0.061728395061720676, "Amin": -0.061728395061734886, "Pa": 0.0, "Pd": 1.0, "Pc": 0.0, "Dh": -323.76080246913625, "Dsoc": 0.367283950617292}