{"start": "15-58-05", "end": "16-00-04", "Vmax": 56.0, "Vm": 51.74166666666668, "Pi": 0.0, "Vmr": 51.74166666666668, "Aa": 0.36666666666666664, "Ad": -0.3, "Vsd": 4.004353956246805, "Amax": 0.7333333333333343, "Amin": -0.5333333333333385, "Pa": 0.5, "Pd": 0.25, "Pc": 0.25, "Dh": -30.866666666666674, "Dsoc": 1.1999999999999993}