{"start": "09-56-44", "end": "09-58-43", "Vmax": 50.31377551020408, "Vm": 50.161989795918366, "Pi": 0.0, "Vmr": 50.161989795918366, "Aa": 0.0025510204081632772, "Ad": 0, "Vsd": 0.08873738332105154, "Amax": 0.0025510204081697907, "Amin": 0.0025510204081626853, "Pa": 1.0, "Pd": 0.0, "Pc": 0.0, "Dh": 175.76785714285734, "Dsoc": 0.6071428571428612}