{"start": "17-19-39", "end": "17-21-38", "Vmax": 74.0, "Vm": 46.495, "Pi": 0.15833333333333333, "Vmr": 55.24158415841584, "Aa": 1.2215962441314554, "Ad": -0.5333333333333333, "Vsd": 27.929038614779508, "Amax": 1.8666666666666742, "Amin": -1.0, "Pa": 0.5916666666666667, "Pd": 0.25, "Pc": 0.15833333333333333, "Dh": -21.466666666666583, "Dsoc": 3.0}