{"start": "09-50-44", "end": "09-52-43", "Vmax": 55.0, "Vm": 50.32666666666667, "Pi": 0.0, "Vmr": 50.32666666666667, "Aa": 0.49166666666666686, "Ad": -0.4098360655737705, "Vsd": 3.4888366722825643, "Amax": 0.8000000000000043, "Amin": -1.2000000000000028, "Pa": 0.2, "Pd": 0.5083333333333333, "Pc": 0.2916666666666667, "Dh": 185.4000000000001, "Dsoc": 1.0}