{"start": "17-23-39", "end": "17-25-38", "Vmax": 78.0, "Vm": 36.905, "Pi": 0.008333333333333333, "Vmr": 37.215126050420174, "Aa": 1.114285714285714, "Ad": -1.7883597883597868, "Vsd": 25.363698113033184, "Amax": 1.8666666666666671, "Amin": -3.333333333333343, "Pa": 0.4083333333333333, "Pd": 0.4666666666666667, "Pc": 0.125, "Dh": -150.0074074074074, "Dsoc": 2.9629629629629637}