{"start": "11-15-48", "end": "11-17-47", "Vmax": 64.0, "Vm": 39.40416666666667, "Pi": 0.0, "Vmr": 39.40416666666667, "Aa": 1.0722891566265056, "Ad": -1.9000000000000006, "Vsd": 14.70528183881278, "Amax": 2.0, "Amin": -5.400000000000006, "Pa": 0.6916666666666667, "Pd": 0.25, "Pc": 0.058333333333333334, "Dh": -192.60000000000036, "Dsoc": 1.0}