{"start": "15-59-54", "end": "16-01-53", "Vmax": 66.0, "Vm": 53.69166666666667, "Pi": 0.0, "Vmr": 53.69166666666667, "Aa": 0.8307692307692308, "Ad": -1.16, "Vsd": 5.539462452052824, "Amax": 1.8000000000000043, "Amin": -3.6000000000000014, "Pa": 0.5416666666666666, "Pd": 0.4166666666666667, "Pc": 0.041666666666666664, "Dh": -145.19999999999982, "Dsoc": 1.0}