{"start": "15-21-54", "end": "15-23-53", "Vmax": 66.0, "Vm": 57.02128205128206, "Pi": 0.0, "Vmr": 57.02128205128206, "Aa": 0.41818181818181815, "Ad": -0.5817948717948717, "Vsd": 5.152836628930644, "Amax": 0.6000000000000014, "Amin": -1.8000000000000043, "Pa": 0.4583333333333333, "Pd": 0.3333333333333333, "Pc": 0.20833333333333334, "Dh": 165.14102564102564, "Dsoc": 0.2179487179487154}