{"start": "15-46-03", "end": "15-48-02", "Vmax": 55.0, "Vm": 50.075833333333335, "Pi": 0.0, "Vmr": 50.075833333333335, "Aa": 0.21666666666666667, "Ad": -0.3125, "Vsd": 3.0231634546574053, "Amax": 0.6000000000000014, "Amin": -0.6000000000000014, "Pa": 0.6, "Pd": 0.4, "Pc": 0.0, "Dh": 106.60000000000014, "Dsoc": 1.0}