{"start": "09-45-10", "end": "09-47-09", "Vmax": 66.0, "Vm": 25.046666666666663, "Pi": 0.016666666666666666, "Vmr": 25.47118644067796, "Aa": 0.7599999999999997, "Ad": -1.200000000000003, "Vsd": 23.972283404284056, "Amax": 1.2666666666666657, "Amin": -2.6000000000000014, "Pa": 0.5, "Pd": 0.5, "Pc": 0.0, "Dh": 14.466666666666697, "Dsoc": 1.0}