{"start": "11-21-48", "end": "11-23-47", "Vmax": 62.0, "Vm": 52.588644688644685, "Pi": 0.0, "Vmr": 52.588644688644685, "Aa": 0.4483516483516484, "Ad": -0.575, "Vsd": 5.064147439831565, "Amax": 1.2000000000000028, "Amin": -1.4000000000000057, "Pa": 0.5, "Pd": 0.3333333333333333, "Pc": 0.16666666666666666, "Dh": -168.83516483516473, "Dsoc": 1.2527472527472554}