{"start": "17-21-39", "end": "17-23-38", "Vmax": 76.4, "Vm": 60.0, "Pi": 0.0, "Vmr": 60.0, "Aa": 0.5518518518518519, "Ad": -1.4666666666666666, "Vsd": 10.047524791465179, "Amax": 1.3333333333333357, "Amin": -2.5333333333333385, "Pa": 0.75, "Pd": 0.25, "Pc": 0.0, "Dh": 65.79999999999995, "Dsoc": 3.0}