{"start": "10-40-02", "end": "10-42-01", "Vmax": 67.0, "Vm": 61.569999999999986, "Pi": 0.0, "Vmr": 61.569999999999986, "Aa": 0.4145833333333333, "Ad": -0.65, "Vsd": 6.7262816334518485, "Amax": 1.1333333333333329, "Amin": -1.8000000000000043, "Pa": 0.26666666666666666, "Pd": 0.5, "Pc": 0.23333333333333334, "Dh": -105.80000000000007, "Dsoc": 2.0}