{"start": "11-00-02", "end": "11-02-01", "Vmax": 76.86666666666666, "Vm": 67.73701388888888, "Pi": 0.0, "Vmr": 67.73701388888888, "Aa": 0.2109375, "Ad": -0.4374531835205993, "Vsd": 9.327102812085815, "Amax": 1.375, "Amin": -1.06666666666667, "Pa": 0.13333333333333333, "Pd": 0.7416666666666667, "Pc": 0.125, "Dh": 217.39166666666665, "Dsoc": 2.0}