{"start": "17-13-44", "end": "17-15-43", "Vmax": 80.0, "Vm": 58.01333333333333, "Pi": 0.0, "Vmr": 58.01333333333333, "Aa": 1.0224999999999993, "Ad": -2.9714285714285715, "Vsd": 12.965208345837727, "Amax": 2.8000000000000043, "Amin": -8.800000000000004, "Pa": 0.6666666666666666, "Pd": 0.2916666666666667, "Pc": 0.041666666666666664, "Dh": -18.0, "Dsoc": 1.0}