{"start": "15-52-03", "end": "15-54-02", "Vmax": 59.0, "Vm": 49.82166666666668, "Pi": 0.0, "Vmr": 49.82166666666668, "Aa": 0.5555555555555556, "Ad": -0.3742222222222223, "Vsd": 3.908258511643969, "Amax": 0.8000000000000043, "Amin": -0.8000000000000043, "Pa": 0.375, "Pd": 0.625, "Pc": 0.0, "Dh": 211.79999999999973, "Dsoc": 1.0}