{"start": "11-39-48", "end": "11-41-47", "Vmax": 60.0, "Vm": 51.67166666666667, "Pi": 0.0, "Vmr": 51.67166666666667, "Aa": 0.325, "Ad": -0.3666666666666667, "Vsd": 4.40250469835611, "Amax": 0.8000000000000043, "Amin": -0.6000000000000014, "Pa": 0.3333333333333333, "Pd": 0.4, "Pc": 0.26666666666666666, "Dh": -95.33333333333326, "Dsoc": 1.0}