{"start": "10-31-10", "end": "10-33-09", "Vmax": 47.84516129032258, "Vm": 46.30967741935481, "Pi": 0.0, "Vmr": 46.30967741935481, "Aa": 0, "Ad": -0.02580645161290326, "Vsd": 0.8976788196607013, "Amax": -0.02580645161290107, "Amin": -0.025806451612908177, "Pa": 0.0, "Pd": 1.0, "Pc": 0.0, "Dh": -379.2645161290325, "Dsoc": 0.3838709677419416}