{"start": "17-17-44", "end": "17-19-43", "Vmax": 54.79207920792079, "Vm": 50.66831683168319, "Pi": 0.0, "Vmr": 50.66831683168319, "Aa": 0, "Ad": -0.06930693069306931, "Vsd": 2.4108453448808445, "Amax": -0.0693069306930667, "Amin": -0.06930693069307381, "Pa": 0.0, "Pd": 1.0, "Pc": 0.0, "Dh": -35.73927392739279, "Dsoc": 1.5709570957095735}