{"start": "15-15-54", "end": "15-17-53", "Vmax": 65.2, "Vm": 50.98166666666667, "Pi": 0.0, "Vmr": 50.98166666666667, "Aa": 0.7753846153846154, "Ad": -1.175, "Vsd": 8.738286116722378, "Amax": 1.8000000000000043, "Amin": -2.6000000000000014, "Pa": 0.5416666666666666, "Pd": 0.3333333333333333, "Pc": 0.125, "Dh": 50.200000000000045, "Dsoc": 1.0}