{"start": "14-56-05", "end": "14-58-04", "Vmax": 66.8, "Vm": 60.898888888888884, "Pi": 0.0, "Vmr": 60.898888888888884, "Aa": 0.3635555555555555, "Ad": -0.4666666666666667, "Vsd": 2.7420981741203514, "Amax": 0.7333333333333343, "Amin": -0.5333333333333385, "Pa": 0.625, "Pd": 0.25, "Pc": 0.125, "Dh": -117.86666666666667, "Dsoc": 2.0}