{"start": "09-54-44", "end": "09-56-43", "Vmax": 55.0, "Vm": 48.66179421768707, "Pi": 0.0, "Vmr": 48.66179421768707, "Aa": 0.5284462841740469, "Ad": -0.5276595744680851, "Vsd": 2.8359408872630376, "Amax": 1.0, "Amin": -1.0, "Pa": 0.44166666666666665, "Pd": 0.39166666666666666, "Pc": 0.16666666666666666, "Dh": 165.03112244897966, "Dsoc": 1.0153061224489761}