{"start": "16-26-05", "end": "16-28-04", "Vmax": 59.2, "Vm": 54.89666666666667, "Pi": 0.0, "Vmr": 54.89666666666667, "Aa": 0.20952380952380956, "Ad": -0.3904761904761904, "Vsd": 4.239733356659854, "Amax": 0.5333333333333385, "Amin": -0.5333333333333385, "Pa": 0.525, "Pd": 0.35, "Pc": 0.125, "Dh": 49.866666666666674, "Dsoc": 2.0}