{"start": "10-46-02", "end": "10-48-01", "Vmax": 78.0, "Vm": 69.13222222222223, "Pi": 0.0, "Vmr": 69.13222222222223, "Aa": 0.36666666666666664, "Ad": -0.08794326241134766, "Vsd": 8.34878420098456, "Amax": 0.6000000000000085, "Amin": -0.13333333333333997, "Pa": 0.5, "Pd": 0.39166666666666666, "Pc": 0.10833333333333334, "Dh": -56.5333333333333, "Dsoc": 1.5999999999999943}