{"start": "10-16-44", "end": "10-18-43", "Vmax": 38.0, "Vm": 37.03, "Pi": 0.0, "Vmr": 37.03, "Aa": 0.3999999999999986, "Ad": -0.2, "Vsd": 0.1435445645672687, "Amax": 0.3999999999999986, "Amin": -0.20000000000000284, "Pa": 0.016666666666666666, "Pd": 0.041666666666666664, "Pc": 0.9416666666666667, "Dh": 179.77429718875464, "Dsoc": 1.361445783132524}