{"start": "09-55-10", "end": "09-57-09", "Vmax": 54.0, "Vm": 50.810833333333335, "Pi": 0.0, "Vmr": 50.810833333333335, "Aa": 0.08148148148148146, "Ad": -0.06666666666666761, "Vsd": 2.336419708088585, "Amax": 0.2666666666666728, "Amin": -0.06666666666666998, "Pa": 0.975, "Pd": 0.025, "Pc": 0.0, "Dh": 97.20000000000027, "Dsoc": 1.0}