{"start": "16-04-03", "end": "16-06-02", "Vmax": 69.0, "Vm": 56.18611111111112, "Pi": 0.0, "Vmr": 56.18611111111112, "Aa": 0.9266666666666667, "Ad": -0.7857142857142857, "Vsd": 7.092584446016258, "Amax": 1.2000000000000028, "Amin": -1.6000000000000085, "Pa": 0.4166666666666667, "Pd": 0.5833333333333334, "Pc": 0.0, "Dh": -344.3333333333335, "Dsoc": 1.0}