{"start": "11-41-48", "end": "11-43-47", "Vmax": 57.0, "Vm": 52.70333333333333, "Pi": 0.0, "Vmr": 52.70333333333333, "Aa": 0.2478260869565217, "Ad": -0.375, "Vsd": 3.563586460208837, "Amax": 0.4000000000000057, "Amin": -0.8000000000000043, "Pa": 0.38333333333333336, "Pd": 0.3333333333333333, "Pc": 0.2833333333333333, "Dh": -9.099999999999909, "Dsoc": 1.0}