{"start": "09-59-10", "end": "10-01-09", "Vmax": 51.0, "Vm": 46.2675, "Pi": 0.0, "Vmr": 46.2675, "Aa": 0.5423728813559322, "Ad": -0.32786885245901637, "Vsd": 2.990399047159286, "Amax": 0.9333333333333371, "Amin": -0.4000000000000057, "Pa": 0.49166666666666664, "Pd": 0.5083333333333333, "Pc": 0.0, "Dh": 165.73333333333312, "Dsoc": 0.7333333333333343}