{"start": "10-07-10", "end": "10-09-09", "Vmax": 54.0, "Vm": 47.576666666666675, "Pi": 0.0, "Vmr": 47.576666666666675, "Aa": 0.5080459770114942, "Ad": -0.48333333333333334, "Vsd": 2.9520367559370535, "Amax": 0.8666666666666742, "Amin": -1.0, "Pa": 0.48333333333333334, "Pd": 0.5, "Pc": 0.016666666666666666, "Dh": 132.8666666666668, "Dsoc": 1.0}