{"start": "15-30-03", "end": "15-32-02", "Vmax": 35.46666666666667, "Vm": 13.04138888888889, "Pi": 0.23333333333333334, "Vmr": 17.01050724637681, "Aa": 0.4, "Ad": -0.6656084656084655, "Vsd": 10.832430631068277, "Amax": 0.40000000000000213, "Amin": -1.06666666666667, "Pa": 0.125, "Pd": 0.525, "Pc": 0.35, "Dh": 104.0666666666666, "Dsoc": 1.0}