{"start": "10-29-10", "end": "10-31-09", "Vmax": 50.94193548387097, "Vm": 49.406451612903226, "Pi": 0.0, "Vmr": 49.406451612903226, "Aa": 0, "Ad": -0.0258064516129032, "Vsd": 0.8976788196607012, "Amax": -0.02580645161290107, "Amin": -0.025806451612908177, "Pa": 0.0, "Pd": 1.0, "Pc": 0.0, "Dh": -379.264516129032, "Dsoc": 0.3838709677419416}