{"start": "10-14-44", "end": "10-16-43", "Vmax": 45.0, "Vm": 38.849999999999994, "Pi": 0.0, "Vmr": 38.849999999999994, "Aa": 0.43636363636363634, "Ad": -0.6, "Vsd": 2.8011102240709778, "Amax": 0.8000000000000043, "Amin": -1.2000000000000028, "Pa": 0.4583333333333333, "Pd": 0.375, "Pc": 0.16666666666666666, "Dh": 641.0000000000005, "Dsoc": 0.20000000000000284}