{"start": "15-24-05", "end": "15-26-04", "Vmax": 59.0, "Vm": 40.915, "Pi": 0.0, "Vmr": 40.915, "Aa": 1.0103703703703701, "Ad": -1.0000000000000004, "Vsd": 9.576176331287861, "Amax": 1.9333333333333371, "Amin": -1.8666666666666742, "Pa": 0.375, "Pd": 0.625, "Pc": 0.0, "Dh": -1.8666666666666742, "Dsoc": 0.3999999999999986}