{"start": "11-49-48", "end": "11-51-47", "Vmax": 63.0, "Vm": 52.0, "Pi": 0.0, "Vmr": 52.0, "Aa": 0.6078431372549019, "Ad": -1.0250000000000001, "Vsd": 10.873416473567834, "Amax": 1.6000000000000014, "Amin": -3.4000000000000057, "Pa": 0.425, "Pd": 0.3333333333333333, "Pc": 0.24166666666666667, "Dh": 27.399999999999977, "Dsoc": 1.0}