{"start": "10-20-44", "end": "10-22-43", "Vmax": 54.0, "Vm": 46.80833333333333, "Pi": 0.0, "Vmr": 46.80833333333333, "Aa": 0.7636363636363637, "Ad": -0.9058823529411764, "Vsd": 5.3963819708532625, "Amax": 1.4000000000000057, "Amin": -2.200000000000003, "Pa": 0.4583333333333333, "Pd": 0.2833333333333333, "Pc": 0.25833333333333336, "Dh": -309.47951807228947, "Dsoc": 1.180722891566262}