{"start": "10-40-44", "end": "10-42-43", "Vmax": 52.0, "Vm": 16.11, "Pi": 0.49166666666666664, "Vmr": 31.691803278688525, "Aa": 1.2, "Ad": -0.2666666666666669, "Vsd": 20.481298704883336, "Amax": 2.8000000000000007, "Amin": -0.6000000000000014, "Pa": 0.375, "Pd": 0.1, "Pc": 0.525, "Dh": -68.3282051282049, "Dsoc": 0.7179487179487154}