{"start": "09-24-44", "end": "09-26-43", "Vmax": 27.0, "Vm": 14.391666666666667, "Pi": 0.0, "Vmr": 14.391666666666667, "Aa": 0.8074074074074076, "Ad": -0.8607142857142854, "Vsd": 4.341892538090384, "Amax": 2.400000000000002, "Amin": -3.0, "Pa": 0.45, "Pd": 0.4666666666666667, "Pc": 0.08333333333333333, "Dh": 80.79999999999995, "Dsoc": 1.0}