{"start": "10-22-02", "end": "10-24-01", "Vmax": 42.0, "Vm": 40.605000000000004, "Pi": 0.0, "Vmr": 40.605000000000004, "Aa": 0.128888888888889, "Ad": -0.08888888888888889, "Vsd": 1.0295417018167092, "Amax": 0.4000000000000057, "Amin": -0.13333333333333997, "Pa": 0.375, "Pd": 0.375, "Pc": 0.25, "Dh": 146.1333333333332, "Dsoc": 2.0}