{"start": "14-44-05", "end": "14-46-04", "Vmax": 68.0, "Vm": 63.358333333333334, "Pi": 0.0, "Vmr": 63.358333333333334, "Aa": 0.28840579710144926, "Ad": -0.2, "Vsd": 2.8881297034482776, "Amax": 0.3333333333333428, "Amin": -0.26666666666667993, "Pa": 0.38333333333333336, "Pd": 0.375, "Pc": 0.24166666666666667, "Dh": 81.73333333333335, "Dsoc": 2.0}