{"start": "11-47-48", "end": "11-49-47", "Vmax": 52.0, "Vm": 32.766666666666666, "Pi": 0.0, "Vmr": 32.766666666666666, "Aa": 0.8970588235294118, "Ad": -1.3714285714285712, "Vsd": 10.031632795290053, "Amax": 2.0, "Amin": -3.400000000000002, "Pa": 0.5666666666666667, "Pd": 0.2916666666666667, "Pc": 0.14166666666666666, "Dh": -67.20000000000005, "Dsoc": 1.0}