{"start": "17-01-44", "end": "17-03-43", "Vmax": 58.0, "Vm": 38.64833333333333, "Pi": 0.0, "Vmr": 38.64833333333333, "Aa": 1.3656249999999999, "Ad": -1.6857142857142853, "Vsd": 13.786340721024938, "Amax": 2.8000000000000043, "Amin": -4.800000000000001, "Pa": 0.5333333333333333, "Pd": 0.4666666666666667, "Pc": 0.0, "Dh": 0.7999999999999545, "Dsoc": 1.0}