{"start": "16-02-03", "end": "16-04-02", "Vmax": 62.0, "Vm": 55.147222222222226, "Pi": 0.0, "Vmr": 55.147222222222226, "Aa": 0.4592592592592592, "Ad": -0.2833333333333333, "Vsd": 5.053476091147268, "Amax": 0.8666666666666742, "Amin": -0.6000000000000014, "Pa": 0.375, "Pd": 0.5, "Pc": 0.125, "Dh": -44.600000000000364, "Dsoc": 1.0}