{"start": "09-42-44", "end": "09-44-43", "Vmax": 57.0, "Vm": 50.215833333333336, "Pi": 0.0, "Vmr": 50.215833333333336, "Aa": 0.45714285714285713, "Ad": -0.39333333333333337, "Vsd": 2.870858645959316, "Amax": 0.8000000000000043, "Amin": -0.8000000000000043, "Pa": 0.2916666666666667, "Pd": 0.5, "Pc": 0.20833333333333334, "Dh": -30.799999999999955, "Dsoc": 1.0}