{"start": "15-40-03", "end": "15-42-02", "Vmax": 53.0, "Vm": 42.54166666666666, "Pi": 0.0, "Vmr": 42.54166666666666, "Aa": 0.6701754385964913, "Ad": -0.8761904761904762, "Vsd": 8.667707597475324, "Amax": 1.2666666666666693, "Amin": -2.06666666666667, "Pa": 0.475, "Pd": 0.525, "Pc": 0.0, "Dh": -40.933333333333394, "Dsoc": 1.0}