{"start": "10-23-10", "end": "10-25-09", "Vmax": 35.0, "Vm": 22.555555555555554, "Pi": 0.0, "Vmr": 22.555555555555554, "Aa": 1.0000000000000002, "Ad": -0.7111111111111112, "Vsd": 7.6389259824241575, "Amax": 1.0666666666666682, "Amin": -1.4000000000000021, "Pa": 0.375, "Pd": 0.625, "Pc": 0.0, "Dh": -86.19999999999982, "Dsoc": 1.0}