{"start": "09-07-10", "end": "09-09-09", "Vmax": 30.0, "Vm": 15.025, "Pi": 0.0, "Vmr": 15.025, "Aa": 0.4636363636363636, "Ad": -0.8999999999999999, "Vsd": 6.2350418575542, "Amax": 0.6000000000000014, "Amin": -1.6000000000000014, "Pa": 0.36666666666666664, "Pd": 0.25, "Pc": 0.38333333333333336, "Dh": 3.0666666666667197, "Dsoc": 1.0}