{"start": "16-53-44", "end": "16-55-43", "Vmax": 66.0, "Vm": 57.541666666666664, "Pi": 0.0, "Vmr": 57.541666666666664, "Aa": 0.6, "Ad": -0.2727272727272727, "Vsd": 3.4657891854339815, "Amax": 1.0, "Amin": -0.8000000000000043, "Pa": 0.20833333333333334, "Pd": 0.4583333333333333, "Pc": 0.3333333333333333, "Dh": -165.20000000000005, "Dsoc": 1.0}