{"start": "10-36-44", "end": "10-38-43", "Vmax": 14.25925925925926, "Vm": 10.586419753086421, "Pi": 0.0, "Vmr": 10.586419753086421, "Aa": 0, "Ad": -0.061728395061728406, "Vsd": 2.147225571719269, "Amax": -0.06172839506172778, "Amin": -0.061728395061734886, "Pa": 0.0, "Pd": 1.0, "Pc": 0.0, "Dh": -323.7608024691358, "Dsoc": 0.3672839506172778}