{"start": "15-29-54", "end": "15-31-53", "Vmax": 40.0, "Vm": 16.25416666666667, "Pi": 0.13333333333333333, "Vmr": 18.754807692307693, "Aa": 0.7333333333333336, "Ad": -1.0163934426229513, "Vsd": 12.186796258022335, "Amax": 1.6000000000000014, "Amin": -2.6000000000000014, "Pa": 0.375, "Pd": 0.5083333333333333, "Pc": 0.11666666666666667, "Dh": 90.40000000000009, "Dsoc": 1.0}