{"start": "15-50-03", "end": "15-52-02", "Vmax": 68.0, "Vm": 54.86, "Pi": 0.0, "Vmr": 54.86, "Aa": 0.8217687074829931, "Ad": -0.6957746478873239, "Vsd": 10.003810291824243, "Amax": 2.0, "Amin": -1.8000000000000043, "Pa": 0.4083333333333333, "Pd": 0.5916666666666667, "Pc": 0.0, "Dh": 251.0666666666666, "Dsoc": 1.0}