{"start": "15-49-54", "end": "15-51-53", "Vmax": 67.0, "Vm": 54.525, "Pi": 0.0, "Vmr": 54.525, "Aa": 0.9178082191780822, "Ad": -1.511111111111111, "Vsd": 10.830892188454811, "Amax": 2.6000000000000014, "Amin": -2.4000000000000057, "Pa": 0.6083333333333333, "Pd": 0.375, "Pc": 0.016666666666666666, "Dh": 254.39999999999986, "Dsoc": 1.0}