{"start": "15-06-05", "end": "15-08-04", "Vmax": 66.0, "Vm": 60.351111111111116, "Pi": 0.0, "Vmr": 60.351111111111116, "Aa": 0.16028368794326237, "Ad": -0.7206896551724139, "Vsd": 6.12509331598091, "Amax": 0.2666666666666728, "Amin": -2.6000000000000085, "Pa": 0.39166666666666666, "Pd": 0.48333333333333334, "Pc": 0.125, "Dh": 276.5333333333333, "Dsoc": 2.0}