{"start": "10-58-02", "end": "11-00-01", "Vmax": 78.0, "Vm": 66.25333333333333, "Pi": 0.0, "Vmr": 66.25333333333333, "Aa": 0.6, "Ad": -0.7688888888888887, "Vsd": 7.855342939580212, "Amax": 1.2000000000000028, "Amin": -1.26666666666668, "Pa": 0.625, "Pd": 0.375, "Pc": 0.0, "Dh": 51.39999999999998, "Dsoc": 2.0}