{"start": "11-18-02", "end": "11-20-01", "Vmax": 90.0, "Vm": 75.10000000000001, "Pi": 0.0, "Vmr": 75.10000000000001, "Aa": 0.5777777777777777, "Ad": -0.2, "Vsd": 14.858397921563348, "Amax": 1.2000000000000028, "Amin": -2.066666666666663, "Pa": 0.75, "Pd": 0.125, "Pc": 0.125, "Dh": -64.5333333333333, "Dsoc": 2.0}