{"start": "15-23-54", "end": "15-25-53", "Vmax": 58.07692307692308, "Vm": 53.373717948717946, "Pi": 0.0, "Vmr": 53.373717948717946, "Aa": 0.31428571428571417, "Ad": -0.11129895745280365, "Vsd": 3.5783357728478413, "Amax": 0.6000000000000014, "Amin": -0.4000000000000057, "Pa": 0.11666666666666667, "Pd": 0.7583333333333333, "Pc": 0.125, "Dh": 285.4153846153845, "Dsoc": 0.7692307692307665}