{"start": "16-49-39", "end": "16-51-38", "Vmax": 54.0, "Vm": 47.15111111111111, "Pi": 0.0, "Vmr": 47.15111111111111, "Aa": 0.22666666666666666, "Ad": -0.2059259259259259, "Vsd": 3.7448574968825814, "Amax": 0.3333333333333357, "Amin": -0.3333333333333357, "Pa": 0.625, "Pd": 0.375, "Pc": 0.0, "Dh": -158.66666666666652, "Dsoc": 1.0}