{"start": "15-16-05", "end": "15-18-04", "Vmax": 63.0, "Vm": 58.033333333333324, "Pi": 0.0, "Vmr": 58.033333333333324, "Aa": 0.15, "Ad": -0.26666666666666666, "Vsd": 5.079829577267361, "Amax": 0.4000000000000057, "Amin": -0.46666666666666856, "Pa": 0.5, "Pd": 0.5, "Pc": 0.0, "Dh": -130.20000000000005, "Dsoc": 2.0}