{"start": "15-56-03", "end": "15-58-02", "Vmax": 62.0, "Vm": 51.540000000000006, "Pi": 0.0, "Vmr": 51.540000000000006, "Aa": 0.5777777777777777, "Ad": -0.35999999999999993, "Vsd": 4.921527246581309, "Amax": 0.8000000000000043, "Amin": -0.6000000000000014, "Pa": 0.375, "Pd": 0.375, "Pc": 0.25, "Dh": 108.13333333333321, "Dsoc": 1.7333333333333343}