{"start": "16-08-03", "end": "16-10-02", "Vmax": 61.0, "Vm": 52.82222222222223, "Pi": 0.0, "Vmr": 52.82222222222223, "Aa": 0.1666666666666668, "Ad": -0.8666666666666665, "Vsd": 8.19746189834708, "Amax": 0.2666666666666728, "Amin": -3.06666666666667, "Pa": 0.16666666666666666, "Pd": 0.4583333333333333, "Pc": 0.375, "Dh": -205.0666666666666, "Dsoc": 0.2666666666666657}