{"start": "09-16-44", "end": "09-18-43", "Vmax": 33.0, "Vm": 24.779999999999994, "Pi": 0.0, "Vmr": 24.779999999999994, "Aa": 1.0370370370370372, "Ad": -1.0666666666666667, "Vsd": 7.577693935370528, "Amax": 2.400000000000002, "Amin": -3.200000000000003, "Pa": 0.45, "Pd": 0.425, "Pc": 0.125, "Dh": 85.79999999999995, "Dsoc": 1.0}