{"start": "15-27-54", "end": "15-29-53", "Vmax": 44.0, "Vm": 24.2875, "Pi": 0.008333333333333333, "Vmr": 24.491596638655462, "Aa": 0.9304347826086959, "Ad": -1.5490196078431364, "Vsd": 11.81211307963831, "Amax": 3.200000000000003, "Amin": -2.200000000000003, "Pa": 0.575, "Pd": 0.425, "Pc": 0.0, "Dh": 117.0, "Dsoc": 1.0}