{"start": "10-02-44", "end": "10-04-43", "Vmax": 56.0, "Vm": 50.91636904761905, "Pi": 0.0, "Vmr": 50.91636904761905, "Aa": 0.20507369614512466, "Ad": -0.5609756097560976, "Vsd": 2.6553503124510374, "Amax": 0.6000000000000014, "Amin": -1.4000000000000057, "Pa": 0.45, "Pd": 0.3416666666666667, "Pc": 0.20833333333333334, "Dh": 108.35714285714312, "Dsoc": 1.1428571428571388}