{"start": "15-55-54", "end": "15-57-53", "Vmax": 62.0, "Vm": 51.62833333333334, "Pi": 0.0, "Vmr": 51.62833333333334, "Aa": 0.5486486486486487, "Ad": -0.6634146341463415, "Vsd": 4.652372365519658, "Amax": 1.2000000000000028, "Amin": -1.2000000000000028, "Pa": 0.6166666666666667, "Pd": 0.3416666666666667, "Pc": 0.041666666666666664, "Dh": 142.4000000000001, "Dsoc": 1.0}