{"start": "15-41-54", "end": "15-43-53", "Vmax": 53.0, "Vm": 37.48, "Pi": 0.0, "Vmr": 37.48, "Aa": 1.1852941176470586, "Ad": -1.153191489361702, "Vsd": 12.679617734078297, "Amax": 2.8000000000000007, "Amin": -3.0, "Pa": 0.5666666666666667, "Pd": 0.39166666666666666, "Pc": 0.041666666666666664, "Dh": 36.40000000000009, "Dsoc": 1.0}