{"start": "17-15-44", "end": "17-17-43", "Vmax": 62.0, "Vm": 58.57160066006591, "Pi": 0.0, "Vmr": 58.57160066006591, "Aa": 0.31764705882352934, "Ad": -0.06930693069306933, "Vsd": 2.0692867869840255, "Amax": 0.4000000000000057, "Amin": -0.06930693069307381, "Pa": 0.14166666666666666, "Pd": 0.8583333333333333, "Pc": 0.0, "Dh": -1.7339933993398517, "Dsoc": 1.3597359735973598}