{"start": "10-18-44", "end": "10-20-43", "Vmax": 37.0, "Vm": 37.0, "Pi": 0.0, "Vmr": 37.0, "Aa": 0, "Ad": 0, "Vsd": 0.0, "Amax": 0.0, "Amin": 0.0, "Pa": 0.0, "Pd": 0.0, "Pc": 1.0, "Dh": 159.62248995983919, "Dsoc": 1.4337349397590344}