{"start": "10-13-10", "end": "10-15-09", "Vmax": 45.2, "Vm": 40.25222222222223, "Pi": 0.0, "Vmr": 40.25222222222223, "Aa": 0.3333333333333333, "Ad": -0.21925925925925926, "Vsd": 2.3812241488222674, "Amax": 0.5333333333333385, "Amin": -0.4000000000000057, "Pa": 0.25, "Pd": 0.75, "Pc": 0.0, "Dh": 318.4666666666667, "Dsoc": 1.0}