{"start": "09-21-10", "end": "09-23-09", "Vmax": 55.0, "Vm": 28.892222222222223, "Pi": 0.0, "Vmr": 28.892222222222223, "Aa": 1.0182795698924731, "Ad": -0.6597701149425287, "Vsd": 13.503754523960593, "Amax": 2.0, "Amin": -1.0, "Pa": 0.5166666666666667, "Pd": 0.48333333333333334, "Pc": 0.0, "Dh": 179.73333333333312, "Dsoc": 1.0}