{"start": "11-31-48", "end": "11-33-47", "Vmax": 55.0, "Vm": 49.73583333333333, "Pi": 0.0, "Vmr": 49.73583333333333, "Aa": 0.5853658536585366, "Ad": -0.4612244897959184, "Vsd": 2.6262026723370897, "Amax": 1.6000000000000014, "Amin": -1.2000000000000028, "Pa": 0.3416666666666667, "Pd": 0.4083333333333333, "Pc": 0.25, "Dh": -3.0, "Dsoc": 1.0}