{"start": "10-38-44", "end": "10-40-43", "Vmax": 6.851851851851855, "Vm": 1.9475308641975317, "Pi": 0.625, "Vmr": 5.193415637860085, "Aa": 0, "Ad": -0.1686239084613069, "Vsd": 2.655767694203241, "Amax": 0.0, "Amin": -0.8000000000000003, "Pa": 0.0, "Pd": 0.3416666666666667, "Pc": 0.6583333333333333, "Dh": -178.89387464387482, "Dsoc": 1.3575498575498557}