{"start": "16-49-44", "end": "16-51-43", "Vmax": 57.0, "Vm": 48.776666666666664, "Pi": 0.0, "Vmr": 48.776666666666664, "Aa": 0.5152542372881356, "Ad": -0.5414634146341464, "Vsd": 4.296661462099144, "Amax": 1.4000000000000057, "Amin": -1.2000000000000028, "Pa": 0.49166666666666664, "Pd": 0.3416666666666667, "Pc": 0.16666666666666666, "Dh": -77.79999999999995, "Dsoc": 1.0}