{"start": "15-19-54", "end": "15-21-53", "Vmax": 66.0, "Vm": 59.39666666666666, "Pi": 0.0, "Vmr": 59.39666666666666, "Aa": 0.6511627906976745, "Ad": -0.4170212765957447, "Vsd": 3.6319553833478344, "Amax": 1.2000000000000028, "Amin": -1.8000000000000043, "Pa": 0.35833333333333334, "Pd": 0.39166666666666666, "Pc": 0.25, "Dh": 11.666666666666742, "Dsoc": 1.0}