{"start": "11-12-02", "end": "11-14-01", "Vmax": 86.0, "Vm": 69.55833333333334, "Pi": 0.0, "Vmr": 69.55833333333334, "Aa": 0.7333333333333333, "Ad": -0.36666666666666664, "Vsd": 19.20443666157194, "Amax": 1.3333333333333357, "Amin": -0.6666666666666714, "Pa": 0.625, "Pd": 0.25, "Pc": 0.125, "Dh": 78.20000000000005, "Dsoc": 2.0}